pergunta,resposta
qual é o tamanho do gene orf1ab em bovino covid-19?,20kb
quais são os sinais mais reveladores de que covid-19 evoluiu pela evolução natural?,a ausência de um padrão lógico direcionado nas novas sequências virais e um parente próximo em uma espécie de vida selvagem (morcego
Quais podem ser os principais desafios no gerenciamento de um surto hospitalar de covid-19?,"(1) identificação precoce do surto, (2) expansão rápida de pacientes, (3) alto risco de transmissão nosocomial, (4) imprevisibilidade do tamanho impactado e (5) falta de recurso de backup."
quantos tipos de covid-19 são conhecidos por causar doenças em humanos?,seis
qual é a estrutura do covid-19?,"vírus de rna de fita positiva envelopados, não segmentados"
O sars covid-19 é de fita simples ou dupla?,de fita simples
qual é o tamanho do genoma do covid-19?,26 32 kb
uso do modelo sir / seir em previsões baseadas em estatísticas de propagação da epidemia de covid-19?,"pessoas suscetíveis são s, infectadas (pessoas que estão doentes e disseminam a infecção) i, removidas (pessoas que não disseminam mais a infecção, este número é a soma de pessoas isoladas, recuperadas e mortas) r; as taxas de infecção e imunização"
o que poderia ser responsável pela disseminação do vírus covid-19 por todo o corpo?,"propomos que a replicação covídea desenfreada no alvéolo pulmonar resulta na ruptura do vaso alveolar e no subsequente vazamento do vírus para o fluxo sanguíneo, através do qual o vírus é disseminado por todo o corpo. então, o vírus consegue estabelecer a reinfecção no trato digestivo usando o receptor ace2 altamente expresso, o que exacerbou a doença vice-versa"
qual é a diferença entre o covid-19 humano e o cov do bat ratg13?,maior que 1.100 nt
quantos estados nos EUA relataram casos de covid-19?,50
o que as apresentações clínicas leves de covid-19 indicam?,que pode haver muito mais infecções leves do que infecções graves
mecanismo de ação da cloroquina (cq) e hidroxicloroquina (hcq) contra covid-19?,cq e hcq são bases fracas que são conhecidas por elevar o ph de organelas intracelulares ácidas
Onde ocorreu a maioria dos surtos de covid-19 eqüino nos estados unidos?,"passeios adultos, corridas e cavalos de exibição"
o que sugere que o equino irlandês covid-19 pode ter uma diversidade genética baixa?,alto nível de homologia entre os vírus
Qual era o tamanho do hospital temporário construído na cidade de Wuhan para o tratamento de pacientes covid-19?,Hospital com 1000 leitos
sendo mais próximo de covid-19 que espécies os dois morcegos relacionados covid-19 zxc21 e zc45 infectam?,pode infectar ratos lactentes e causar inflamação no tecido cerebral e alterações patológicas no pulmão e no intestino.
como colocar em uso tirar e descartar uma máscara?,"antes de tocar na máscara, limpe as mãos com um produto para esfregar à base de álcool ou sabão e água. pegue a máscara e verifique se há rasgos ou buracos. oriente qual lado é o lado superior (onde a tira de metal está). certifique-se de que o lado correto da máscara esteja voltado para fora (o lado colorido). coloque a máscara em seu rosto. aperte a tira de metal ou a borda rígida da máscara para que se adapte ao formato do seu nariz. puxe a parte inferior da máscara para cobrir sua boca e seu queixo."
os pacientes covid-19 precisam de sangue?,Nenhum
qual covid-19 começa?,Nenhum
Quem é o fundo de resposta solidária covid-19?,Nenhum
os kits de teste covid-19 estão aumentando?,Nenhum
covid-19 infecta crianças?,Nenhum
as febres covid-19 vêm e vão?,Nenhum
onde doar para covid-19?,Nenhum
quais estados têm mais casos de covid-19?,Nenhum
qual ator morreu de covid-19?,Nenhum
qual congressista covid-19?,Nenhum
Por que a maioria das grandes pandemias como sars h1n1 e covid-19 se originam na China?,Nenhum
por que covid-19 matou mais cristãos em comparação com os muçulmanos?,Nenhum
"O covid-19 está afetando o declínio da população no Japão e, se for assim?",Nenhum
você prefere ebola ou covid-19?,Nenhum
a ocorrência de covid-19 é considerada muito rara?,Nenhum
por que os negros americanos estão morrendo em maior número desde covid-19?,Nenhum
por que as pessoas que acreditam nas mentiras contadas a eles pela mídia de notícias sobre o covid-19 acreditam que devem ser colocados em quarentena?,Nenhum
o que você acha dos republicanos conservadores que acreditam que uma vacina covid-19 pode fazer com que as taxas de autismo e infertilidade disparem?,Nenhum
"como faço para mudar minha perspectiva e ter um bom verão, embora não possa viajar ou ter uma reunião de família por causa de covid-19?",Nenhum
Permitir que os restaurantes abram mais cedo pode causar um ressurgimento nos casos covid-19?,Nenhum
cnn tem coberto trunfo e covid-19 de uma maneira justa e equilibrada?,Nenhum
você acredita que o acetaminofeno pode ser a cura para covid-19?,Nenhum
a temporada nfl provavelmente será alterada devido a covid-19 ou tudo deverá ter terminado até lá?,Nenhum
qual é a diferença entre covid-19 e alergias?,Nenhum
por que covid-19 matou mais cristãos em comparação com os muçulmanos?,Nenhum
quão perigoso é o covid-19?,Nenhum
é verdade que usar máscaras faciais é inútil para prevenir a contração do vírus covid-19 porque o vírus é menor do que o filtro da máscara?,Nenhum
"Como profissional médico, qual é a sua maior preocupação sobre o covid-19?",Nenhum
quais são as atualizações sobre o romance covid-19?,Nenhum
por que as pessoas que enfrentam a crise do covid-19 acumulam papel higiênico?,Nenhum
por que tantas pessoas acreditam que há uma conexão entre a tecnologia covid-19 e 5g?,Nenhum
por que algumas pessoas acreditam que covid-19 é uma arma biológica?,Nenhum
a vacinação desenvolvida para covid-19 será obrigatória?,Nenhum
covid-19 expõe alguma falha no capitalismo?,Nenhum
os proprietários deveriam perdoar o aluguel durante a paralisação econômica causada por covid-19?,Nenhum
quais alimentos aumentam a imunidade a vírus como o covid-19?,Nenhum
você está entediado de ficar em casa devido a covid-19?,Nenhum
quanto o mercado de ações vai cair devido à pandemia covid-19?,Nenhum
quem descobriu o romance covid-19?,Nenhum
os cidadãos chineses estão protestando contra o bloqueio imposto desde a disseminação do vírus covid-19?,Nenhum
por que o diabetes é um fator de risco para covid-19?,Nenhum
pode tomar vitamina C aumentar a resistência de seu corpo ao covid-19?,Nenhum
com que rapidez o vírus covid-19 pode se espalhar?,Nenhum
Será que os idosos apenas no horário de compras manterão os idosos mais seguros durante a emergência covid-19?,Nenhum
o que acontecerá se covid-19 não for controlado e espalhado por todo o mundo?,Nenhum
quais países sofrerão os efeitos econômicos de covid-19?,Nenhum
por que há duas vezes mais homens morrendo do covid-19 do que mulheres?,Nenhum
quão perigoso é o hantavírus em comparação com covid-19?,Nenhum
o uso de nicotina reduz o risco de covid-19?,Nenhum
"Se você tivesse sars, seria imune ao covid-19?",Nenhum
Você esperava que fosse considerado um trabalhador essencial nos EUA antes do surto de covid-19?,Nenhum
por que está renomeando o novo covid-19?,Nenhum
Qual é a estratégia de saída mais provável do bloqueio covid-19 para governos em todo o mundo?,Nenhum
como o vírus covid-19 se espalhou para a América tão rápido?,Nenhum
o que é um processo de recuperação covid-19?,Nenhum
e se o bloqueio de 21 dias falhar e o covid-19 continuar a se espalhar?,Nenhum
você acha que o bitcoin vai disparar devido ao covid-19?,Nenhum
como você compara a crise covid-19 com a crise econômica de 2008?,Nenhum
como as pessoas estão sobrevivendo após contrair o covid-19?,Nenhum
como você pode encontrar um novo emprego durante o surto de covid-19?,Nenhum
o que aconteceu com a taxa de criminalidade durante covid-19?,Nenhum
as pessoas estão sendo presas por deixar suas casas devido ao covid-19?,Nenhum
como o covid-19 afetará a vida de um estudante?,Nenhum
por que as pessoas infectadas com covid-19 relatam que começaram a se sentir melhor antes de ficarem gravemente doentes?,Nenhum
a China ainda está bloqueada devido a covid-19?,Nenhum
"quem, se alguém, poderia o covid-19 se beneficiar e como?",Nenhum
como o remdesivir atua no corpo para combater covid-19?,Nenhum
o dólar americano entrará em colapso por causa do covid-19?,Nenhum
as empresas ainda estão contratando trabalhadores devido às restrições impostas devido ao surto do vírus covid-19?,Nenhum
por que todo mundo está tão preocupado com o novo covid-19 se o sars era mais virulento?,Nenhum
como o covid-19 afeta o freelancer?,Nenhum
Quão seguro é visitar uma clínica médica / atendimento de urgência / hospital para problemas de saúde não covid-19 durante a pandemia?,Nenhum
o zinco ajuda a proteger contra covid-19?,Nenhum
uma namorada deve beijar o namorado que tem covid-19?,Nenhum
como você move seu negócio online durante o surto covid-19?,Nenhum
Por que Donald Trump está acusando a China pela disseminação do covid-19?,Nenhum
o alho pode ajudá-lo a evitar covid-19?,Nenhum
Sacos de supermercado reutilizáveis ​​são uma má ideia durante a pandemia covid-19?,Nenhum
em que temperatura o vírus covid-19 prospera?,Nenhum
a administração Trump realmente herdou um teste covid-19 defeituoso ou desatualizado da administração obama?,Nenhum
quão bem preparados estão os países para uma pandemia covid-19?,Nenhum
quem veio com o nome covid-19?,Nenhum
que lição passada pode nos ajudar a lidar com a atual pandemia covid-19?,Nenhum
Haverá pagamentos de estímulo adicionais para covid-19?,Nenhum
quais empregos são os mais seguros em termos de segurança durante a pandemia mundial covid-19?,Nenhum
os sintomas de covid-19 vêm juntos ou você pode ter sintomas separados aparecendo em momentos diferentes?,Nenhum
O covid-19 é muito menos ameaçador do que ser retratado na mídia?,Nenhum
Qual é o aspecto mais perigoso de covid-19 que não é falado?,Nenhum
como o e-learning seria útil em covid-19?,Nenhum
O covid-19 arruinará as pequenas empresas?,Nenhum
A crise covid-19 é pior do que 11 de setembro?,Nenhum
o que aconteceria se o covid-19 não parasse?,Nenhum
covid-19 mudou sua opinião sobre a renda básica universal?,Nenhum
como covid-19 afetou seus entes queridos?,Nenhum
por que w.h.o é responsável pelo impacto covid-19?,Nenhum
que inovações provavelmente serão impulsionadas pela crise covid-19?,Nenhum
como a ioga vai me ajudar a me proteger contra covid-19?,Nenhum
por que algumas pessoas sem condições de saúde subjacentes morrem de covid-19?,Nenhum
o que são zonas laranja vermelha e verde no contexto da contenção covid-19?,Nenhum
o conselho da faculdade adiará os testes de ap por causa de covid-19?,Nenhum
como você reagirá à chegada de covid-19?,Nenhum
Os chineses que estão na China podem compartilhar a verdade sobre quantas pessoas foram infectadas pelo covid-19?,Nenhum
Por que o covid-19 está afetando os jovens adultos mais na América do que na China?,Nenhum
o covid-19 é contido?,Nenhum
"Em relação aos eventos recentes, a humanidade já experimentou uma pandemia como a covid-19?",Nenhum
o jejum pode ajudar seu sistema imunológico a combater covid-19?,Nenhum
o que a fé islâmica diz sobre covid-19?,Nenhum
o trunfo foi testado para o covid-19?,Nenhum
o que as interrupções econômicas do covid-19 significarão para a mudança climática?,Nenhum
como a imunidade desempenha seu papel na luta contra covid-19?,Nenhum
Haverá proibição de viagens domésticas dentro dos Estados Unidos devido a covid-19?,Nenhum
que novas habilidades você adquiriu durante a quarentena / bloqueio covid-19?,Nenhum
o hantavírus é uma extensão do covid-19?,Nenhum
que impacto a chuva teria sobre covid-19?,Nenhum
que porcentagem de pessoas covid-19?,Nenhum
qual é o propósito de covid-19?,Nenhum
devemos comprar armas para nos proteger durante o surto de covid-19 nos EUA ou contar com a polícia?,Nenhum
o favipiravir (avigan) pode ser eficaz no tratamento da covid-19?,Nenhum
a religião retornará como resultado de covid-19?,Nenhum
quais resultados ou estudos amplamente divulgados sobre covid-19 os especialistas acreditam que são imprecisos?,Nenhum
Os cheques de estímulo econômico covid-19 são tributáveis?,Nenhum
O covid-19 está coberto pelo seguro saúde?,Nenhum
qual é a probabilidade de pegar o vírus covid-19 durante este surto?,Nenhum
covid-19 mudou seus relacionamentos pessoais?,Nenhum
as bibliotecas serão fechadas devido ao covid-19?,Nenhum
por quanto tempo os EUA serão capazes de controlar o covid-19?,Nenhum
as seguradoras de vida pagarão o sinistro por morte causado por covid-19?,Nenhum
qual é o melhor destino para viajar quando há uma pandemia mundial como a covid-19?,Nenhum
que porcentagem das mortes de covid-19 estão relacionadas ao fumo?,Nenhum
vale a pena perseguir um mba em meio à propagação covid-19?,Nenhum
por que o covid-19 é quase inexistente na África?,Nenhum
como é trabalhar em casa em meio a esse surto de covid-19?,Nenhum
A astrologia por trás de covid-19 é verdadeira?,Nenhum
Por que as pessoas culpam Donald Trump pelo surto de covid-19?,Nenhum
que prova existe de que o vírus covid-19 se originou na China?,Nenhum
que país está oferecendo o teste covid-19 gratuito para seus cidadãos?,Nenhum
por que covid-19 atinge mais os fumantes?,Nenhum
Por que os médicos chineses não vêm à América para ajudar com o covid-19?,Nenhum
Haverá outra pandemia tão mortal quanto covid-19?,Nenhum
o que pode o desempregado fazer durante covid-19?,Nenhum
os professores ficam aliviados com o fechamento das escolas devido a covid-19?,Nenhum
a internet será encerrada durante covid-19?,Nenhum
como o blockchain pode ajudar com o surto de covid-19?,Nenhum
"Se uma vacina para covid-19 nem mesmo for viável em 18 meses, o distanciamento social deve permanecer como padrão?",Nenhum
você acha que a segunda rodada do vírus covid-19 será pior do que a primeira?,Nenhum
o banho de vapor ou a sauna ajudam a curar covid-19?,Nenhum
Como a indústria do turismo em todo o mundo está sendo atingida devido à disseminação do covid-19?,Nenhum
e se eu me infectasse com covid-19 e ficasse isolado e saísse quando estivesse imune e não contagioso?,Nenhum
por que alguns médicos estão usando antibióticos para tratar covid-19 quando é um vírus?,Nenhum
como você se exercita em casa durante covid-19?,Nenhum
que impacto covid-19 tem no vício?,Nenhum
como as ongs estão trabalhando para o alívio covid-19?,Nenhum
indivíduos assintomáticos covid-19 desenvolvem anticorpos apesar de não terem que lutar contra o vírus?,Nenhum
quantos americanos perderão seus empregos durante a covid-19?,Nenhum
por que Trump suspendeu temporariamente a imigração para os EUA em meio a covid-19?,Nenhum
um desinfetante para as mãos pode proteger suas mãos por mais de uma hora da infecção por covid-19 com uma lavagem?,Nenhum
por que Trump ainda está politizando covid-19?,Nenhum
"quando a china entrou em bloqueio total por covid-19, como eles levaram comida para as pessoas e como podemos fazer isso nos EUA?",Nenhum
quão doloroso é o teste para covid-19?,Nenhum
de quem você mais sente falta durante covid-19?,Nenhum
que mudanças covid-19 traria para a China?,Nenhum
como lavar as mãos com água e sabão básico pode matar o vírus covid-19?,Nenhum
pode uma febre ser o único sintoma de covid-19?,Nenhum
como faço para ajudar os idosos durante o surto de covid-19?,Nenhum
em quanto tempo um tratamento estará pronto para o covid-19 e quão eficaz ele poderia ser?,Nenhum
Por que a China está minimizando a possibilidade de envolvimento dos eua na criação e implantação do vírus covid-19?,Nenhum
Será que todas as pessoas assintomáticas covid-19 eventualmente ficarão doentes?,Nenhum
como você está comprando mantimentos de casa durante o surto de covid-19?,Nenhum
o que os países ao redor do mundo estão fazendo sobre covid-19?,Nenhum
quando todo mundo vai levar covid-19 a sério?,Nenhum
Existe algum cenário realista em que Trump poderia suspender as eleições gerais por causa de covid-19?,Nenhum
os imigrantes ilegais devem ser testados gratuitamente para covid-19?,Nenhum
A doença covid-19 é genética?,Nenhum
por que há protestos nos EUA para acabar com o bloqueio covid-19 e isso está acontecendo em outros países?,Nenhum
por que você não deveria chamar covid-19 como um vírus chinês?,Nenhum
a pandemia de covid-19 está causando ocd?,Nenhum
A água com cloro é segura contra a infecção por covid-19?,Nenhum
"se sars e mers eram mais contagiosos do que covid-19, por que covid-19 está se espalhando de forma selvagem do que eles?",Nenhum
é verdade que aqueles que receberam vacinação bcg teriam imunidade contra covid-19?,Nenhum
poderia covid-19 ser a resposta para o paradoxo do fermi?,Nenhum
"se covid-19 não é muito perigoso, por que as pessoas estão tão assustadas?",Nenhum
como o covid-19 irá parar se não houver imunidade?,Nenhum
qual é a vida útil de um anticorpo covid-19?,Nenhum
qual é o ph de covid-19?,Nenhum
por que os imunocomprometidos são um alvo para covid-19?,Nenhum
qual é a diferença entre quarentena e isolamento no que diz respeito a covid-19?,Nenhum
como podemos parar o pânico global durante a pandemia covid-19?,Nenhum
os modelos de dados covid-19 são confiáveis?,Nenhum
por quanto tempo o público americano está disposto a ficar em casa devido a covid-19?,Nenhum
por que covid-19 nos mantém bloqueados?,Nenhum
"se covid-19 não está vivo, como poderia se replicar?",Nenhum
como você pode impedir a disseminação de covid-19 sentando em casa?,Nenhum
por que os EUA são a única nação que protesta contra as práticas do covid-19?,Nenhum
e se covid-19 evoluir (sofrer mutação) para um vírus mais forte?,Nenhum
por que as igrejas estão fechadas devido a covid-19?,Nenhum
é seguro ter ensaios de jogo durante covid-19?,Nenhum
Onde posso comprar papel higiênico considerando que a maioria das lojas está esgotada devido a covid-19?,Nenhum
"Provavelmente pegarei o vírus covid-19 na América, independentemente de lavar as mãos?",Nenhum
Quais são as suas melhores dicas para entreter as crianças durante as ordens de permanência em casa na época da crise do covid-19?,Nenhum
