pergunta_um,pergunta_dois
"Depois de quantas horas depois de beber um antibiótico, posso beber álcool?",Tenho uma festa esta noite e tomei minha última dose de azitromicina esta manhã. Posso tomar algumas bebidas?
"Depois de quantas horas depois de beber um antibiótico, posso beber álcool?",Vomitei esta manhã e não tenho certeza se é o efeito colateral do meu antibiótico ou do álcool que tomei ontem à noite ...
"Estou acima do peso (192,9) para a minha idade (39)?",Eu sou um homem de 39 anos pesando atualmente cerca de 193 libras. Você acha que estou com sobrepeso?
"Estou acima do peso (192,9) para a minha idade (39)?",Qual dieta é boa para perder peso? Keto ou vegano?
Alergia à aspirina - vale a pena comprar uma pulseira?,Quanta Aspirina posso tomar para minha dor de cabeça sem causar nenhum efeito colateral?
Alergia à aspirina - vale a pena comprar uma pulseira?,Meu amigo me contou sobre esta pulseira para alergia à aspirina. Funciona da maneira que eles dizem que funciona?
"Na consulta médica, bati com a cabeça em uma caixa na parede contendo materiais perigosos (seringas usadas, agulhas usadas ...). Vou ficar infectado?",Tudo bem se eu usar a mesma seringa para minha injeção de insulina? Eu preciso tomar três vezes por dia.
"Na consulta médica, bati com a cabeça em uma caixa na parede contendo materiais perigosos (seringas usadas, agulhas usadas ...). Vou ficar infectado?","Hoje de manhã, tive uma consulta com o médico. Depois disso, vi a enfermeira para uma injeção. Quando me levantei, sua caixa de ferramentas caiu em cima de mim. Ela me mandou para casa dizendo que está tudo bem. Mas estou preocupado com uma infecção. Devo marcar outra consulta para qualquer exame de sangue?"
"Estive tomando antibióticos 4 5 semanas dentista dentário superior não obtiver agulha 2 congelar 2 extrato na gengiva realmente doeu, ela disse que são os tecidos hve 2 go bk? Plz","Não consigo extrair o dente, meu dentista não consegue me dar anestesia. Os antibióticos não ajudariam com isso, uma vez que já dura cerca de 4-5 semanas? Devo ir para o pronto-socorro?"
"Estive tomando antibióticos 4 5 semanas dentista dentário superior não obtiver agulha 2 congelar 2 extrato na gengiva realmente doeu, ela disse que são os tecidos hve 2 go bk? Plz",Por que eu tenho dentes pretos? Devo tomar antibióticos? Isso é uma infecção?
O Adderall (dextroanfetamina e anfetamina racêmica) pode causar pressão no ouvido e leves dores de cabeça no final do dia?,Quais são os efeitos colaterais do Adderall? Pode causar problemas de ouvido ou dor de cabeça?
O Adderall (dextroanfetamina e anfetamina racêmica) pode causar pressão no ouvido e leves dores de cabeça no final do dia?,Qual é a dose máxima de Adderall que qualquer pessoa pode tomar?
A coarctação da aorta pode causar baixo crescimento em altura?,"ECHO feito hoje, PA diz que pode haver um problema. Estou aguardando a consulta do especialista amanhã. O que devo perguntar a ele?"
A coarctação da aorta pode causar baixo crescimento em altura?,"Tenho 4 '8 "". Minha mãe disse que eu tenho um defeito de nascença (coarctação da aorta). Os dois são parentes?"
A doxiciclina pode tratar uma infecção no ouvido?,Quais são os efeitos colaterais da doxiciclina?
A doxiciclina pode tratar uma infecção no ouvido?,Qual antibiótico é o melhor para uma infecção de ouvido? Eu tenho um antigo curso de doxiciclina. Funcionaria?
"O vinagre pode ajudar a drenar os seios da face? Tenho comido vinagre balsâmico com minhas saladas e sinto que estão escorrendo, é normal ??",Eu tive problemas de sinusite por um tempo agora. Minha mãe diz que o vinagre ajudaria com eles. É verdade? Eu meio que tentei hoje ...
"O vinagre pode ajudar a drenar os seios da face? Tenho comido vinagre balsâmico com minhas saladas e sinto que estão escorrendo, é normal ??",Qual é o melhor antibiótico para sinusite?
A malformação do chiari pode causar problemas hipofisários ou diabetes insípido?,Posso tomar insulina para meu diabetes?
A malformação do chiari pode causar problemas hipofisários ou diabetes insípido?,Quais são os efeitos da malformação de Chiari? Meu primo tem diabetes e seus relatórios recentes mostram problemas graves. Isso está relacionado?
A homeopatia para acne pode ajudar?,Meu médico prescreveu doxiciclina para minhas espinhas. Quanto tempo demoraria para funcionar?
A homeopatia para acne pode ajudar?,Minha irmã me enviou Dr. Reckeweg R53 Acne Vulgaris e Pimples Drop para minhas espinhas. Você sabe se isso funciona?
Este medicamento pode causar ansiedade em uma criança de 12 anos?,Posso dar um pouco de aspirina para meu filho para dor de cabeça?
Este medicamento pode causar ansiedade em uma criança de 12 anos?,Quais são os efeitos colaterais disso? Isso pode causar ansiedade em crianças?
Você poderia me dizer por que meu marido está suando e vomitando depois de injetar 30 unidades de insulina lantis? O que devo fazer?,Recentemente fui detectado com alto nível de açúcar no sangue. Você acha que o médico vai me prescrever insulina? Posso pedir que ele me dê comprimidos em vez disso?
Você poderia me dizer por que meu marido está suando e vomitando depois de injetar 30 unidades de insulina lantis? O que devo fazer?,"Meu marido é um diabético tipo 2 que toma insulina Lantus e Actrapid (para tomar de acordo com suas leituras de açúcar no sangue. Cerca de uma hora atrás, ele tomou suas 30 unidades habituais de Lantus e vomitou. Ele também estava suando. Devemos nos preocupar?"
A idade aumenta a gravidade dos sintomas / problemas de eds?,Eu tenho um pênis pequeno. Como aumentar o tamanho?
A idade aumenta a gravidade dos sintomas / problemas de eds?,Acho que tenho DE. Isso pioraria à medida que eu envelhecia?
Dermonu funciona para cicatrizes de acne?,Ei! Estou usando Dermonu há cerca de uma semana. Quando devo ver os resultados?
Dermonu funciona para cicatrizes de acne?,Tenho acne desde que era adolescente. Eles irão embora por conta própria?
"Extensão da minha última pergunta. Também há corrimento vaginal, então estou ovulando. Isso pode causar coceira?",Ei pergunta rápida. É normal ter coceira durante a ovulação? Esp se houver corrimento vaginal?
"Extensão da minha última pergunta. Também há corrimento vaginal, então estou ovulando. Isso pode causar coceira?","Estou com secreção vaginal branca há 2 dias, tenho uma DST? Devo marcar uma consulta?"
Sentindo déjà vu frequente. Eu tive talvez 3 ataques de pânico nos últimos dois meses que me deixaram um pouco ansioso e me perguntando se é isso?,"Ataques de pânico recorrentes, sensação de déjà vu, ansiedade. Com duração de alguns meses agora. É algo com que se preocupar?"
Sentindo déjà vu frequente. Eu tive talvez 3 ataques de pânico nos últimos dois meses que me deixaram um pouco ansioso e me perguntando se é isso?,Por que fico ansiosa quando entro no elevador?
Teve problemas no pescoço / nas costas por meses e cãibras musculares nas panturrilhas. Estressado. Ter (ansiedade) BP é um tanto saudável. Ontem senti um formigamento em ambas as mãos e tremido. Em 20 anos .. Agora está ligado e desligado. Alguma ideia?,Tenho dor de garganta e febre. Isso é meningite?
Teve problemas no pescoço / nas costas por meses e cãibras musculares nas panturrilhas. Estressado. Ter (ansiedade) BP é um tanto saudável. Ontem senti um formigamento em ambas as mãos e tremido. Em 20 anos .. Agora está ligado e desligado. Alguma ideia?,"Problemas médicos anteriores: ansiedade, estresse, dor nas costas, dor no pescoço, cãibras musculares por meses. Pressão arterial normal. É normal sentir algum formigamento nas mãos?"
"Olá, tive um ultra-som dos testículos e da região inguinal. Nenhum vestígio de hérnia ou adenopatia. Os resultados voltaram completamente normais. Meu médico olhou e sentiu duas vezes. Ele disse que definitivamente não é uma hérnia e é apenas ligeiramente grande.",Eu tive minha consulta de rotina ontem e meu médico disse que o inchaço perto da virilha não é uma hérnia. O ultrassom não mostrou nada. É possível ainda ter hérnia ou inchaço dos linfonodos se a ultrassonografia for negativa?
"Olá, tive um ultra-som dos testículos e da região inguinal. Nenhum vestígio de hérnia ou adenopatia. Os resultados voltaram completamente normais. Meu médico olhou e sentiu duas vezes. Ele disse que definitivamente não é uma hérnia e é apenas ligeiramente grande.",Qual é o tratamento para correção de hérnia? É necessário um ultrassom para isso? Pedindo por um amigo.
Como o nível de felicidade de alguém pode afetar a saúde de alguém?,Ficar feliz pode melhorar minha saúde? Que etapas específicas devo seguir?
Como o nível de felicidade de alguém pode afetar a saúde de alguém?,"Ei, acompanhando isso. O médico diz que os resultados são normais e pode ser estresse. Devo ter outra opinião?"
Quão comum é ter sintomas de ansiedade física sem se sentir ansioso?,Os exercícios respiratórios não estão ajudando com minha ansiedade. Devo ir ao pronto-socorro?
Quão comum é ter sintomas de ansiedade física sem se sentir ansioso?,Tenho tremores e dores no peito. Mas não estou ansioso. Você acha que isso é normal?
Como adicionar e TDAH diferem?,"ADD e ADHD são iguais? Minha irmã foi diagnosticada com DDA. Portanto, procure algumas coisas para ler."
Como adicionar e TDAH diferem?,Quais são os efeitos colaterais do tratamento para o TDAH?
Como posso saber se tenho depressão e ansiedade?,A TCC pode ser usada para tratar a ansiedade?
Como posso saber se tenho depressão e ansiedade?,Quais são os sintomas de depressão e ansiedade?
Quanto tempo leva para o herpes aparecer?,"O uso de preservativos pode prevenir a transmissão do herpes? Tenho uma inchação no canto do lábio e estou um pouco preocupada. Uma ajudinha, por favor?"
Quanto tempo leva para o herpes aparecer?,Eu fiz sexo desprotegido no dia 7 deste mês. Há um horário específico em que ocorre o primeiro surto?
Quantos tylenol (acetaminofen) 3 são iguais a um percocet?,Sou alérgico a Percocet. O que mais o médico pode me prescrever para minha dor? Não tenho certeza se Tylenol faria o truque.
Quantos tylenol (acetaminofen) 3 são iguais a um percocet?,"Estou sem Percocet, quantos comprimidos de Tylenol devo tomar para dar uma quantidade semelhante de alívio da dor?"
Quanto tempo livre do trabalho devo tirar após uma reconstrução do LCA?,Preciso de cirurgia reconstrutiva do LCA. Como é o processo de recuperação? Quanto tempo devo decolar?
Quanto tempo livre do trabalho devo tirar após uma reconstrução do LCA?,"Torci o joelho no trabalho e está muito inchado, mas consigo andar sobre ele. Eu poderia ter rasgado meu ACL?"
Como o metotrexato deve afetar as células do corpo no que diz respeito ao tratamento da artrite?,Eu caí 2 meses atrás e meu joelho está inchado até agora. Isso é artrite?
Como o metotrexato deve afetar as células do corpo no que diz respeito ao tratamento da artrite?,Tenho artrite e fui prescrito com metotrexato. Como funciona? Quanto tempo vai demorar para mostrar seus efeitos?
Como lidar com alguém agindo infantilmente?,Minha namorada está me incomodando. Ela tem ataques de raiva literalmente toda vez que saímos. É embaraçoso. O que eu faço para que ela veja isso?
Como lidar com alguém agindo infantilmente?,Quais são os diferentes tipos de personalidades? Ser imaturo é um deles?
Como saber a que estou tendo uma reação alérgica?,Benadryl pode ajudar com coceira?
Como saber a que estou tendo uma reação alérgica?,Não tenho ideia do que está causando esses inchaços no meu corpo. Existe um teste específico que pode detectar isso?
"Estou atualmente tomando minocina (minociclina) para tratar meu acne, mas acho que estou tendo urticária que coça?",A urticária é um efeito colateral comum do Minocin? Não tenho certeza se essa vermelhidão é algo com que devo me preocupar?
"Estou atualmente tomando minocina (minociclina) para tratar meu acne, mas acho que estou tendo urticária que coça?",O que posso usar para urticária no meu braço? Benadryl está bem enquanto toma antibióticos?
"Se eu tivesse hepatite a, isso significa que não posso beber álcool por um determinado número de semanas depois?",A hepatite A pode se espalhar compartilhando cigarros ou garrafas de álcool de uma pessoa infectada?
"Se eu tivesse hepatite a, isso significa que não posso beber álcool por um determinado número de semanas depois?",Quando posso beber álcool depois de fazer o teste positivo para Hep A?
Eu fico com uma ou duas manchas de acne a cada mês. Como faço para evitá-las? A acne também deixa cicatrizes na minha pele. Existe algum produto de prateleira que eu poderia experimentar,Eu tenho uma cicatriz curada na minha perna. O suco de limão ajudaria com isso?
Eu fico com uma ou duas manchas de acne a cada mês. Como faço para evitá-las? A acne também deixa cicatrizes na minha pele. Existe algum produto de prateleira que eu poderia experimentar,Quais são alguns remédios caseiros que posso usar para tratar cicatrizes no rosto. Eu tenho lutado com acne há algum tempo. :(
"Eu tive meu período duas vezes em 3 semanas, pela segunda vez em 4 meses. Por quê? Não estive estressado ou mudei meu plano de exercícios ou dieta recentemente ..",A injeção anticoncepcional pode causar irregularidade na menstruação? Eu tenho manchas e não tenho certeza se está relacionado.
"Eu tive meu período duas vezes em 3 semanas, pela segunda vez em 4 meses. Por quê? Não estive estressado ou mudei meu plano de exercícios ou dieta recentemente ..","Eu sou uma mulher de 19 anos que se exercita regularmente e tem uma dieta balanceada. Eu também tomo multivitaminas. Não sexualmente ativo, nem tomando nenhum medicamento. Ultimamente, minha menstruação tem sido mais frequente. Este é o 4º mês desde quando começou. Estou um pouco preocupada."
"Fiz uma cirurgia artroscópica no joelho esquerdo há quase um mês, mas parece que ele está se enchendo de líquido sinovial, devo voltar ao trabalho ou esperar até ver o dr.?",Quanto custa para fazer uma cirurgia artroscópica no joelho?
"Fiz uma cirurgia artroscópica no joelho esquerdo há quase um mês, mas parece que ele está se enchendo de líquido sinovial, devo voltar ao trabalho ou esperar até ver o dr.?","Quando posso ir para o trabalho após uma cirurgia artroscópica no joelho? Além disso, quanto tempo dura o inchaço? O meu parece inchar mais e mais a cada dia. :("
Tenho tinea versicolor nos testículos e na ponta do pênis. Ele fica com coceira e seca. O médico me enviou uma lavagem com ácido salicílico. Faz sentido?,Tenho manchas descoloridas que coçam e secam no pênis e nos testículos. O médico acha que é uma infecção fúngica (tinha) e foi prescrito com o limpador de ácido salicílico da CeraVe. será que vai dar certo?
Tenho tinea versicolor nos testículos e na ponta do pênis. Ele fica com coceira e seca. O médico me enviou uma lavagem com ácido salicílico. Faz sentido?,A lavagem com ácido salicílico não me ajudou com minha acne cística. Devo pedir antibióticos?
"Tenho 16 anos e meu testículo esquerdo começou a ter uma dor um tanto forte, dói mais do que extremamente quando eu caminho e bate nas minhas calças Não consigo dirigir ajuda?",A vermelhidão dos testículos significa câncer?
"Tenho 16 anos e meu testículo esquerdo começou a ter uma dor um tanto forte, dói mais do que extremamente quando eu caminho e bate nas minhas calças Não consigo dirigir ajuda?",Minha bola esquerda dói e faz mais quando estou andando ou se esfrega no meu short. Eu tenho apenas 16 anos. O que está acontecendo?
"Estou tomando remédios para ansiedade e depressão, principalmente para evitar ataques de pânico. Posso tomar mais de 0,5 se sentir pânico e 0,5 mg não funcionar?",A TCC pode ser usada para tratar a ansiedade?
"Estou tomando remédios para ansiedade e depressão, principalmente para evitar ataques de pânico. Posso tomar mais de 0,5 se sentir pânico e 0,5 mg não funcionar?","Estou tomando medicamentos para ansiedade e depressão há cerca de 2 meses. Ainda tenho ataques de pânico. Isso significa que posso tomar uma dose mais alta do que meu 0,5 mg usual?"
"É 4 mg intuniv & 2mgrisperdal demais para um 5 1/2 anos de idade, estou preocupado .. Seu neurologista prescreveu para PDDnos e ADHD?",Qual é a dose máxima de Guanfacine e Risperdal em crianças?
"É 4 mg intuniv & 2mgrisperdal demais para um 5 1/2 anos de idade, estou preocupado .. Seu neurologista prescreveu para PDDnos e ADHD?",Com quais medicamentos o Risperidal pode interagir? Comecei há 2 dias e só quero ter cuidado.
O suco de aloe vera é bom para a hipertensão?,"Ei! Visitei o médico hoje, ele disse que minha pressão arterial é 150/90 mmHg. Não prescreveu nada, apenas disse para fazer exercícios e fazer dieta alimentar. Quer saber se o suco de aloe vera ajudaria?"
O suco de aloe vera é bom para a hipertensão?,O aloe vera é bom para a acne no rosto e nos braços?
As bactérias fecais são realmente prejudiciais à saúde em comparação com outras bactérias quando você está grávida?,Posso tomar pílulas pré-natais para uma gravidez mais saudável?
As bactérias fecais são realmente prejudiciais à saúde em comparação com outras bactérias quando você está grávida?,Estou grávida de 12 semanas e fui ontem à praia. Li que bactérias fecais nas praias podem ser prejudiciais durante a gravidez. É assim?
A hipnoterapia é perigosa?,Os efeitos da hipno-terapia são permanentes? Ouvi dizer que eles podem ser perigosos. É verdade?
A hipnoterapia é perigosa?,Tenho ansiedade e meu médico aconselhou exercícios respiratórios. Estou pensando em hipno-terapia.
É normal ter náuseas e perda de apetite durante a menstruação?,Alguém pode estar grávida durante a menstruação?
É normal ter náuseas e perda de apetite durante a menstruação?,Ei doutor! Comecei minha menstruação ontem. Tenho vontade de vomitar o tempo todo e não tenho apetite. Como posso tratar isso?
Meu filho tem baixo nível de fosfatase alcalina em seus resultados de laboratório. Por quê?,Os testes de função hepática podem detectar o câncer?
Meu filho tem baixo nível de fosfatase alcalina em seus resultados de laboratório. Por quê?,Ei! Os relatórios de Jason estão de volta. Mostra o nível de fosfatase alcalina: 40 IU / L. É baixo para uma criança? Devemos ver o médico antes?
"Meu marido tem coceira crônica sem erupções na pele / urticária. Ele consultou um alergista, dermatologista, acupunturista e terapeuta. Bloodwork negativo alguma ideia?","Não tenho certeza do que isso parece: coceira por mais de 5 anos, sem erupções na pele, sem urticária. Os exames de sangue estão normais. Consultado todos os especialistas, incluindo dermatologista, acupunturista, médico alérgico E um terapeuta."
"Meu marido tem coceira crônica sem erupções na pele / urticária. Ele consultou um alergista, dermatologista, acupunturista e terapeuta. Bloodwork negativo alguma ideia?",Qual é o tratamento para a psoríase?
"Minha filha de seis anos tomou antibióticos por mais de 48 horas e começou a ter febre acima de 101 e ela diz que está com dor de cabeça. Devo levá-la de volta? Recebeu antibióticos para infecções sinusais, mas está ficando irritada com a tosse. Ela tem historia","Se houver febre persistente mesmo depois de tomar 4 doses de antibióticos (mais de 48 horas), isso significa que não está funcionando? A tosse é a mesma de antes. Devemos voltar para o pronto-socorro? Ela tem 6 anos, eu não posso vê-la assim. :("
"Minha filha de seis anos tomou antibióticos por mais de 48 horas e começou a ter febre acima de 101 e ela diz que está com dor de cabeça. Devo levá-la de volta? Recebeu antibióticos para infecções sinusais, mas está ficando irritada com a tosse. Ela tem historia",Os antibióticos devem ser prescritos para crianças com menos de 10 anos?
"P. Olá, estou grávida de quase 12 semanas e minha comida continha pequenas partículas de plástico (por engano), por isso estou preocupada; no caso de eu engolir acidentalmente algum: (?",Acabei de perceber que ingeri alguns pedaços de filme plástico com minha comida. Isso prejudicaria meu bebê? Tenho que cumprir minha consulta de 3 meses amanhã. Devo perguntar ao médico?
"P. Olá, estou grávida de quase 12 semanas e minha comida continha pequenas partículas de plástico (por engano), por isso estou preocupada; no caso de eu engolir acidentalmente algum: (?",É saudável comer peixe durante o primeiro trimestre da gravidez? Acabei de comprar um pouco ontem e abri a folha de plástico. Embora eu deva perguntar antes de comer.
Voz assustadora. Como posso obter uma voz mais masculina?,Minha voz parece muito aguda em comparação com o resto da minha classe. Tem algum problema comigo? O que posso fazer para melhorar? Existem suplementos para ajudar?
Voz assustadora. Como posso obter uma voz mais masculina?,"Quando começam as mudanças da puberdade nos homens? Estou irritada com minha estatura baixa, tamanho reduzido de meu pênis e voz feminina. :("
"Desde que eu era criança minhas juntas sempre estalaram, mas com o passar dos anos ficou muito dolorido especial quando chove ou eu estou com frio? Como faço para corrigir?",Estou atualmente com 17 anos. Não tenho histórico de problemas conjuntos. Comecei a sentir dores nas articulações durante a estação chuvosa ou fria. Está relacionado ao meu hábito de infância de clicar nas articulações?
"Desde que eu era criança minhas juntas sempre estalaram, mas com o passar dos anos ficou muito dolorido especial quando chove ou eu estou com frio? Como faço para corrigir?",Meus dedos são muito longos e acho que posso estendê-los de maneira anormal. É algo para se preocupar. Não tenho dor ou inchaço.
Foi tratado para DIP causada por VB apenas com uma dose de azitromiacina e injeção de antibióticos. PID nunca foi embora. O que devo fazer?,Tenho coceira e corrimento vaginal. Eu tenho fermento ou é algo sério?
Foi tratado para DIP causada por VB apenas com uma dose de azitromiacina e injeção de antibióticos. PID nunca foi embora. O que devo fazer?,Uma única dose de azitromicina é útil no tratamento de PID? Já tomei junto com a injeção de antibiótico. Mas ainda tenho os sintomas. :(
Quais são as causas do abscesso perianal?,Ei! Quer saber se o sexo desprotegido pode causar abcesso no orifício anal? O que mais poderia causar isso?
Quais são as causas do abscesso perianal?,"Acho que estou com hemorróida. Não tenho certeza, mas estou tendo pus no ânus. Pode ser um abscesso?"
O que um médico faz na fissura anal crônica externa e por favor me diga que o processo de cirurgia da fissura anal crônica fora da minha anal é pequena?,Tenho diarreia com sangue há 2 dias. Devo ir ao pronto-socorro?
O que um médico faz na fissura anal crônica externa e por favor me diga que o processo de cirurgia da fissura anal crônica fora da minha anal é pequena?,Acho que tenho fissura anal. Eu os tenho há algum tempo. Eu tenho um compromisso amanhã. Que tratamento devo discutir com o médico? Cirurgia ou médico?
O que você recomenda para tratar um ligamento longitudinal posterior seccionado?,Estou fazendo um projeto na coluna vertebral. Pode me ajudar?
O que você recomenda para tratar um ligamento longitudinal posterior seccionado?,Meu relatório de ressonância magnética foi publicado e mostra rotura pós-ligamento longitudinal. Existe um tratamento para isso?
"O que é mecobalamina? Para que é usado este medicamento? Minha mãe é diabética, esse remédio tem utilidade? Agradeço antecipadamente",Ei! E atualizo sobre a dormência e formigamento que tive no meu pé. Meu médico acha que é um problema de nervo e me prescreveu injeções de Vit B12.
"O que é mecobalamina? Para que é usado este medicamento? Minha mãe é diabética, esse remédio tem utilidade? Agradeço antecipadamente",Minha mãe é diabética. Ela foi recentemente aconselhada a tomar Mecobalamina. Não tenho certeza de como isso a ajudará. Alguma ideia?
Qual é o SSRI mais limpo / seguro para ansiedade geral induzida por estresse?,Os SSRIs são o melhor tratamento para o estresse / ansiedade? Qual é o melhor?
Qual é o SSRI mais limpo / seguro para ansiedade geral induzida por estresse?,Por que fico ansiosa quando entro no elevador?
Qual é a definição ou descrição de: modificação de atividade?,Quanta atividade física um adulto deve fazer todos os dias?
Qual é a definição ou descrição de: modificação de atividade?,"Quais são alguns exercícios e mudanças no estilo de vida que posso fazer? Não tenho certeza, mas o médico me aconselhou ""modificação de atividade"". O que isso significa?"
O que é uma alergia a marisco tipo 1?,Existem diferentes tipos de alergia a mariscos? Fui diagnosticado com tipo 1. O que significa?
O que é uma alergia a marisco tipo 1?,Posso comer peixe no segundo trimestre de gravidez?
"O que devo fazer se eu tiver alergia a espirros ao acordar, diga-me que tipo de doença ou alergia é?",Limpei meu quarto e comecei a espirrar. O que eu posso aceitar?
"O que devo fazer se eu tiver alergia a espirros ao acordar, diga-me que tipo de doença ou alergia é?",Ultimamente tenho espirrado muito. Não tenho certeza se é apenas alergia ou algo grave. O que você acha?
Que exercícios específicos ajudariam na bursite suprapatelar?,Posso tomar algum medicamento para dor devido à bursite suprapatelar? Incapaz de exercer. :(
Que exercícios específicos ajudariam na bursite suprapatelar?,Ei doc! Meu médico me diagnosticou com bursite suprapatelar. Posso fazer algum exercício em casa?
"O que fazer se eu tiver hipertensão, depressão do amor perdido, quebrou completamente. o que fazer?","Recentemente, perdi meu emprego e o amor da minha vida. O RN que me viu ontem disse que tenho pressão alta. Serei diagnosticado com depressão?"
"O que fazer se eu tiver hipertensão, depressão do amor perdido, quebrou completamente. o que fazer?","Sempre que olho para as meninas, fico com palpitações e supernervoso. Acho que também tenho pressão alta quando isso acontece. Isso é normal?"
Quais hormônios são responsáveis ​​por dar a você traços masculinos em seu rosto?,Posso tomar alguns hormônios para deixar meu rosto mais masculino? Eu só quero impressionar minha namorada. : D
Quais hormônios são responsáveis ​​por dar a você traços masculinos em seu rosto?,As pílulas anticoncepcionais orais podem fazer com que a mulher pareça menos masculina?
Qual tratamento funciona melhor e mais rápido para a regurgitação aórtica?,Tenho dores no peito e dificuldade em respirar. Eu tenho uma doença cardíaca?
Qual tratamento funciona melhor e mais rápido para a regurgitação aórtica?,Meu relatório de ECO mostra regurgitação aórtica. Como isso é tratado? Já tenho um compromisso na sexta-feira.
Por que meu braço sempre adormece? Até o ponto em que não consigo movê-lo de jeito nenhum,Tenho dor de garganta e dormência no braço. Ambos estão relacionados?
Por que meu braço sempre adormece? Até o ponto em que não consigo movê-lo de jeito nenhum,É normal que meu braço fique dormente o tempo todo? Não consigo nem mexer. :(
Por que tenho uma pele com pigmentação branca ao redor do ânus e coceira extrema e bolhas ao redor do ânus e na fenda anal?,"Ei! Eu observei recentemente que a pele perto da nádega é branca e coça muito. Isso é normal? Se não, qual poderia ser a causa?"
Por que tenho uma pele com pigmentação branca ao redor do ânus e coceira extrema e bolhas ao redor do ânus e na fenda anal?,Não é o sexo anal a única razão para a transmissão do HIV?
"Tomar pílulas anticoncepcionais para o tratamento da dismenorréia afetará minha fertilidade mais tarde, depois de casado?",Tenho menstruações irregulares e tenho fortes dores durante a menstruação. Meu médico me prescreveu Sprintec. Meu namorado está um pouco preocupado com os efeitos de longo prazo. Seremos capazes de conceber quando eu parar?
"Tomar pílulas anticoncepcionais para o tratamento da dismenorréia afetará minha fertilidade mais tarde, depois de casado?",Os períodos dolorosos são comuns com as pílulas anticoncepcionais?
"Mulher de 35 anos sem problemas cardíacos, dor aguda no peito / coração. Dura apenas um minuto. Acessos a qualquer momento ao dirigir sentado me tira o fôlego, acontecendo mais?",Como ocorre um ataque cardíaco em uma mulher de 36 anos?
"Mulher de 35 anos sem problemas cardíacos, dor aguda no peito / coração. Dura apenas um minuto. Acessos a qualquer momento ao dirigir sentado me tira o fôlego, acontecendo mais?","Dores no peito de curta duração, mas agudas há algumas semanas, sem história anterior de doença cardíaca / torácica podem indicar algo sério?"
"Um médico prescreveu 12,5 mg de voren supp para meu filho de 3 anos para febre. O voren não é usado para inflamação pós-operatória?",O voren usado para inflamação pós-operatória também pode ser prescrito para febre em crianças?
"Um médico prescreveu 12,5 mg de voren supp para meu filho de 3 anos para febre. O voren não é usado para inflamação pós-operatória?","Meu filho de 3 anos está com febre alta há 2 dias, o que devo fazer?"
"Depois que tive relações sexuais com o marido, percebi sangue fresco e uma sensação de queimação e vontade de urinar. O que pode ser a causa?","Estou grávida de 9 semanas e acabei de sangrar hoje, depois do sexo. é perigoso? Meu bebê ficará bem?"
"Depois que tive relações sexuais com o marido, percebi sangue fresco e uma sensação de queimação e vontade de urinar. O que pode ser a causa?","Ok, então primeiro, isso nunca aconteceu antes. Mas depois de fazer isso com meu marido hoje, estou com algum sangramento, coceira e vontade de fazer xixi! É uma UTI?"
"Após duas semanas de cirurgia oral, minha bochecha ainda está inchada e sinto caroços duros na parte inferior. Também coça do lado de fora. Socorro?",O inchaço da bochecha e a leve coceira são normais após 2 semanas de cirurgia oral?
"Após duas semanas de cirurgia oral, minha bochecha ainda está inchada e sinto caroços duros na parte inferior. Também coça do lado de fora. Socorro?",Qual é o tempo de recuperação esperado após uma cirurgia oral? Quando poderei ter uma vida normal e uma dieta normal?
"Sempre uso anticoncepcional, sempre uso camisinha com espermicida, sempre retire com camisinha, mas minha menstruação está atrasada. Estresse da faculdade ou gravidez?","Eu sempre protegi o sexo, mas minha menstruação ainda está atrasada, posso estar grávida?"
"Sempre uso anticoncepcional, sempre uso camisinha com espermicida, sempre retire com camisinha, mas minha menstruação está atrasada. Estresse da faculdade ou gravidez?",Perdi meus comprimidos por 2 dias seguidos ... Posso engravidar por causa disso?
Algum exame de sangue confiável para câncer de ovário?,É possível detectar o câncer de ovário com um exame de sangue?
Algum exame de sangue confiável para câncer de ovário?,Qual é o teste padrão ouro para detectar câncer de ovário?
"Tem sentido muitas dores no peito ultimamente, especialmente quando me sento em certas posições?",A ansiedade pode causar dor no peito?
"Tem sentido muitas dores no peito ultimamente, especialmente quando me sento em certas posições?","O que pode causar dor no peito, especialmente ao sentar-se em determinada posição?"
Tenho tido essa sensibilidade e dor no peito por quase semanas ... Não estou grávida também. O que pode ser?,"Oi! Eu sou uma mulher de 24 anos e estou sentindo algumas dores nos meus seios, em ambos os lados, há alguns meses. Não sou sexualmente ativo atualmente. Por que a dor então?"
Tenho tido essa sensibilidade e dor no peito por quase semanas ... Não estou grávida também. O que pode ser?,A dor e sensibilidade nos seios são um sinal de câncer de mama?
Mudanças limítrofes na RM do cérebro em 1 ano sendo encaminhado a um neurorradiologista isso significa algo sinistro?,Sou um homem de 50 anos e meu PCP acaba de me informar que minha última ressonância magnética detectou algumas alterações cerebrais que não existiam há um ano e me encaminhou para um neurorradiologista. Eu estou morrendo?
Mudanças limítrofes na RM do cérebro em 1 ano sendo encaminhado a um neurorradiologista isso significa algo sinistro?,"Que tipo de mudanças são normais com a idade, conforme visto em uma ressonância magnética do cérebro?"
"Ambos os braços anestesiados, sem dor no peito, apenas um pouco tonta. E um pouco de azia, tenho gastrite e artrite nas costas.","Tenho sentido dormência bilateral no braço, tontura, azia, mas nenhuma dor no peito. O que isso poderia significar?"
"Ambos os braços anestesiados, sem dor no peito, apenas um pouco tonta. E um pouco de azia, tenho gastrite e artrite nas costas.",Quais são os sintomas da espondilose cervical?
"Epidermóide cerebral, é o mesmo que um tumor meningioma a diferença entre os dois tronco encefálico de 3 cm / lobo frontal de 8 cm?",Um cérebro epidermóide e um meningioma são a mesma coisa?
"Epidermóide cerebral, é o mesmo que um tumor meningioma a diferença entre os dois tronco encefálico de 3 cm / lobo frontal de 8 cm?",A cirurgia é a única opção de tratamento para epidermóide cerebral ou meningioma?
Sangue vermelho vivo no TP após a primeira limpeza após BM; então outro não limpa mais sangue. Eu bebo muito pop e muito pouca água ... se isso importa. ?,Eu tinha um tecido de cor vermelha como algo em minhas fezes. O que poderia ser?
Sangue vermelho vivo no TP após a primeira limpeza após BM; então outro não limpa mais sangue. Eu bebo muito pop e muito pouca água ... se isso importa. ?,O que significa sangue nas fezes?
C4-5 osteófito descoberto direito / complexo protuberância de disco protuberância de disco largo estenose foraminal neural direita e abutment da medula cervical ventral. Significado?,"Um simples ferimento no pescoço, que esbarrei em alguém outro dia, pode levar a mudanças visíveis em uma ressonância magnética?"
C4-5 osteófito descoberto direito / complexo protuberância de disco protuberância de disco largo estenose foraminal neural direita e abutment da medula cervical ventral. Significado?,Minha ressonância magnética mostra C4-5 osteófito descoberto direito / complexo protuberância do disco protuberância do disco largo estenose foraminal neural direita e abutment da medula cervical ventral. O que isto significa?
Um coágulo de sangue menstrual pode viajar para seu coração ou pulmões como outros coágulos de sangue podem?,Estou realmente com medo de coágulos sanguíneos. Um coágulo do meu período pode causar um derrame ou uma embolia?
Um coágulo de sangue menstrual pode viajar para seu coração ou pulmões como outros coágulos de sangue podem?,Tenho tido muitos coágulos no meu período. O que isso significa?
A doença celíaca pode imitar a esclerose múltipla mesmo depois de ser tratada com uma dieta estritamente livre de glúten? O meu celíaco não tratado pode ter causado as minhas lesões cerebrais?,Uma dieta estrita sem glúten ajuda no controle completo da doença celíaca?
A doença celíaca pode imitar a esclerose múltipla mesmo depois de ser tratada com uma dieta estritamente livre de glúten? O meu celíaco não tratado pode ter causado as minhas lesões cerebrais?,A EM e a doença celíaca apresentam lesões neurológicas de apresentação semelhantes?
Os fibroadenomas podem se transformar em câncer de mama?,Os fibroadenomas são malignos?
Os fibroadenomas podem se transformar em câncer de mama?,Quais são as modalidades de tratamento disponíveis para um fibroadenoma?
O polissístico renal pode ser curado?,A doença do ovário policístico pode ser curada?
O polissístico renal pode ser curado?,"Existe alguma cura para o rim policístico, de fato é necessário algum tratamento?"
É possível se livrar do diabetes tipo 2 com exercícios e uma boa dieta?,É imperativo tomar medicamentos para o controle do diabetes tipo 2 ou a modificação da dieta e dos exercícios é suficiente?
É possível se livrar do diabetes tipo 2 com exercícios e uma boa dieta?,É possível curar completamente o diabetes tipo 2?
Você pode me dizer por que é importante promover uma alimentação saudável para crianças e jovens?,"A alimentação saudável não pode ser incutida mais tarde, digamos na idade adulta, ou deve ser iniciada em uma idade jovem?"
Você pode me dizer por que é importante promover uma alimentação saudável para crianças e jovens?,Qual é a ingestão média de calorias por um jovem adolescente?
Você pode me dizer como é feita uma ecocardiografia?,"Tenho uma ecocardiografia marcada para amanhã, estou um pouco preocupado. Você poderia me explicar o processo para ter um pouco de paz de espírito?"
Você pode me dizer como é feita uma ecocardiografia?,"Tenho uma ecocardiografia marcada para amanhã, por que meu médico teria marcado uma?"
Você pode me dizer os nomes das instituições de saúde ou farmácias conhecidas por fabricar solução de colírio de voriconazol a 1%?,Como posso encontrar boas instituições de saúde ou farmácias conhecidas por prepararem solução de colírio de voriconazol a 1%?
Você pode me dizer os nomes das instituições de saúde ou farmácias conhecidas por fabricar solução de colírio de voriconazol a 1%?,Para que é normalmente usado o colírio de Voriconazol a 1%?
As minhas alergias nos seios da face podem dificultar a respiração?,As alergias simples também estão associadas a problemas respiratórios?
As minhas alergias nos seios da face podem dificultar a respiração?,Todos os problemas respiratórios em adolescentes significam asma?
"Será que os sintomas de overdose de cafeína permanecerão por mais de 2 meses, mesmo se já interrompermos a ingestão de cafeína?",Por quanto tempo os sintomas de overdose de cafeína permanecem?
"Será que os sintomas de overdose de cafeína permanecerão por mais de 2 meses, mesmo se já interrompermos a ingestão de cafeína?",Quais são os sintomas da overdose de cafeína? Eu preciso ver um médico para eles?
Será que andar em um colchão macio pode contribuir para as pernas arqueadas?,"Acho que meu filho pode estar desenvolvendo algumas pernas arqueadas, será que andar em colchões macios tem algo a ver com isso?"
Será que andar em um colchão macio pode contribuir para as pernas arqueadas?,"O que é perna arqueada, como é diagnosticada?"
"Caro Dr., sentindo em meus olhos que as luzes estão muito brilhantes, sinto tontura com os lados do pescoço muito doloridos e o maxilar tenso atrás do pescoço Apnéia do sono 6 semanas?","Tem tido dor de cabeça, tontura e um pouco de fotofobia recentemente, o que pode ser?"
"Caro Dr., sentindo em meus olhos que as luzes estão muito brilhantes, sinto tontura com os lados do pescoço muito doloridos e o maxilar tenso atrás do pescoço Apnéia do sono 6 semanas?","Eu tenho tido muitos symotoms não relacionados há alguns meses. Você pode ajudar? Tenho apnéia do sono, dor no pescoço e na mandíbula, tontura ocasional e fotofobia também"
Alguém sabe o que fazer com uma criança de 13 anos de idade que sofre de ansiedade grave?,A ansiedade se apresenta de maneira diferente em adolescentes e adultos?
Alguém sabe o que fazer com uma criança de 13 anos de idade que sofre de ansiedade grave?,Quais opções de tratamento estão disponíveis para um jovem adolescente que sofre de ansiedade severa?
Alguma coisa durante a gravidez causa atresia esofágica?,A ingestão de algum alimento específico durante a gravidez pode causar atresia esofágica no feto?
Alguma coisa durante a gravidez causa atresia esofágica?,Quando a atresia esofágica pode ser diagnosticada em um feto?
"Amamentar apenas de um lado altera o risco de câncer de mama na mama não amamentada? Meu filho tinha uma preferência, então eu amamentei do lado esquerdo.",A amamentação realmente reduz a incidência de câncer de mama ou é apenas um mito?
"Amamentar apenas de um lado altera o risco de câncer de mama na mama não amamentada? Meu filho tinha uma preferência, então eu amamentei do lado esquerdo.","Eu notei um caroço no meu seio direito por algumas semanas agora, meu filho só chupa o esquerdo, isso poderia significar que eu tenho uma infecção de câncer no direito?"
O corte no lábio se transforma em protuberância branca?,"Pode um corte no lábio ficar branco depois de alguns dias, não dói mais, só tá aí"
O corte no lábio se transforma em protuberância branca?,"Tenho uma protuberância branca no lábio, pode ser Herpes?"
"O óleo de linhaça, cerca de 3 gramas por dia, conforme prescrito pelo meu oftalmologista, interage com o orto trip cyclen ou outras pílulas anticoncepcionais?",As pílulas de BC têm alguma interação com o óleo de linhaça?
"O óleo de linhaça, cerca de 3 gramas por dia, conforme prescrito pelo meu oftalmologista, interage com o orto trip cyclen ou outras pílulas anticoncepcionais?",Quais antibióticos interagem com os comprimidos de BC e reduzem sua eficácia?
A redução 'aberta' com haste intramedular de fratura da diáfise da tíbia causa fraqueza muscular e cura óssea lenta devido a danos nos tecidos moles?,O dano ao tecido mole na redução 'aberta' com haste intramedular de fratura da diáfise da tíbia é grave o suficiente para causar fraqueza muscular e cura óssea lenta.
A redução 'aberta' com haste intramedular de fratura da diáfise da tíbia causa fraqueza muscular e cura óssea lenta devido a danos nos tecidos moles?,O que é melhor para uma fratura da diáfise da tíbia? Uma redução aberta ou fechada?
O estresse causa hematospermia?,A hematospermia pode causar infertilidade?
O estresse causa hematospermia?,O estresse é um importante fator causador de hematospermia?
A erva kalawalla (polypodium leucotamos) realmente funciona para doenças auto-imunes?,As doenças autoimunes são completamente curáveis?
A erva kalawalla (polypodium leucotamos) realmente funciona para doenças auto-imunes?,Houve alguma pesquisa que comprove a utilidade da erva kalawalla (polypodium leucotomos) em doenças autoimunes?
A vitamina D vem em forma de injeção?,"Posso tomar injeções de vitamina D em vez de comprimidos? Ele vem na forma injetável, certo?"
A vitamina D vem em forma de injeção?,"Tenho sentido dores nas costas recentemente, preciso iniciar a suplementação de vitamina D?"
"Fração de ejeção de gb muito baixa. Dieta reduzida a carnes magras, frutas, vegetais. Refluxo constante na garganta, mas com intensidade variável. Relacionado?","Uma baixa fração de ejeção, refluxo gástrico e uma dieta de carnes magras, frutas e vegetais estão relacionados de alguma forma?"
"Fração de ejeção de gb muito baixa. Dieta reduzida a carnes magras, frutas, vegetais. Refluxo constante na garganta, mas com intensidade variável. Relacionado?",Como posso superar o refluxo gástrico e uma baixa fração de ejeção de GB? Eu preciso ver um médico?
Fêmea. A mãe tem 150 cm e o pai tem 156 cm. Eu queria saber se posso ter pelo menos 160-165 cm de altura?,Posso tomar algum medicamento para aumentar minha altura?
Fêmea. A mãe tem 150 cm e o pai tem 156 cm. Eu queria saber se posso ter pelo menos 160-165 cm de altura?,Posso ser mais alto que meus pais?
"Tenho alto nível de Hb e o médico me aconselhou a repetir o teste FBC em abril de 2014.Agora eu tenho 17,6% de nível de hemoglobina que comida você recomenda, nomes plz?","Recentemente fiz o teste e descobri que tenho um HB de 17,6%, quais alimentos você recomendaria para mim?"
"Tenho alto nível de Hb e o médico me aconselhou a repetir o teste FBC em abril de 2014.Agora eu tenho 17,6% de nível de hemoglobina que comida você recomenda, nomes plz?","A Hb de 17,6% é muito alta? Devo consultar um médico?"
"A menstruação passou dos 4 meses e durou 11 dias, o que nunca acontece. Tenho sentido uma dor incômoda e incômoda do útero. O que poderia ser?","Eu perdi minha menstruação por 4 meses e agora estou com um sangramento muito forte, isso é normal?"
"A menstruação passou dos 4 meses e durou 11 dias, o que nunca acontece. Tenho sentido uma dor incômoda e incômoda do útero. O que poderia ser?","Já perdi a menstruação há 4 meses e tenho algumas dores surdas na região abdominal inferior, alguma ideia do que está acontecendo?"
Têm erupção na pele com comichão após 4 dias de biaxina (claritromicina). Já tomei isso antes e estava bem. Devo continuar?,"Acho que posso ter desenvolvido uma reação alérgica à biaxina (claritromicina), devo parar de tomá-la?"
Têm erupção na pele com comichão após 4 dias de biaxina (claritromicina). Já tomei isso antes e estava bem. Devo continuar?,Quais são os usos da claritromicina?
"Já faz muito tempo que tenho cistos duros no couro cabeludo. Eles cresceram de 1 para cerca de 8 para 9 agora. Dos quais 3 cresceram um pouco grandes. Eles são indolores, mas são desconfortáveis ​​ao escovar meu cabelo. Embora essa não seja minha principal preocupação. Foram tratados",Sinto como se tivesse um cisto na cabeça. Pode ser câncer?
"Já faz muito tempo que tenho cistos duros no couro cabeludo. Eles cresceram de 1 para cerca de 8 para 9 agora. Dos quais 3 cresceram um pouco grandes. Eles são indolores, mas são desconfortáveis ​​ao escovar meu cabelo. Embora essa não seja minha principal preocupação. Foram tratados","Há um ano que tenho alguns cistos duros, pequenos a grandes, no couro cabeludo. Eles não causam dor, mas são um pouco desconfortáveis. Preciso removê-los?"
"Há um ano que não menstruo, uso heroína e agora tenho conseguido ajuda. Estou me perguntando quando começarei a menstruação?","Não menstruo há um ano, o que está acontecendo? Eu sei com certeza, não estou grávida."
"Há um ano que não menstruo, uso heroína e agora tenho conseguido ajuda. Estou me perguntando quando começarei a menstruação?","Eu era viciado em drogas, mas agora estou em tratamento. Meu problema é que não tenho menstruação há quase um ano. Será por causa das drogas?"
Sinto dor para cima e para baixo na perna esquerda e no pé esquerdo. Tenho mantido elevado o dia todo. Espero que não seja um coágulo de sangue. Eu também tomei três aspirinas Bayer.?,Recentemente fui diagnosticado com um coágulo sanguíneo na perna ... Que precauções devo tomar para o mesmo? E como posso evitar isso no futuro?
Sinto dor para cima e para baixo na perna esquerda e no pé esquerdo. Tenho mantido elevado o dia todo. Espero que não seja um coágulo de sangue. Eu também tomei três aspirinas Bayer.?,O que significa um coágulo de sangue na perna. Devo estar tomando aspirina se tiver dor nas pernas?
Fazer um exame de sangue por motivos neurológicos pode detectar a gravidez?,A gravidez pode ser detectada por um exame de sangue de rotina ou existe um exame de sangue mais específico para isso?
Fazer um exame de sangue por motivos neurológicos pode detectar a gravidez?,Como posso verificar em casa se estou grávida ou não?
Olá estou usando neutrogena a partir de 15 dias .. Acne não está saindo o que devo fazer?,O Aloe vera é benéfico para a acne?
Olá estou usando neutrogena a partir de 15 dias .. Acne não está saindo o que devo fazer?,Neutrogena é realmente útil para acne?
"Olá, tenho espasmos nas costas que surgem de vez em quando. Eu fiz o calor e o gelo girarem. Naproxeno tentou olhar minha dieta e tomar vitaminas?",Tenho tido espasmos nas costas intensos e nenhuma das medidas básicas está ajudando. O que devo fazer?
"Olá, tenho espasmos nas costas que surgem de vez em quando. Eu fiz o calor e o gelo girarem. Naproxeno tentou olhar minha dieta e tomar vitaminas?",Tenho tido espasmos nas costas intensos. Pode ser uma hérnia de disco?
"Ei, então eu acabei de ter infecções de garganta e devo lavar todos os meus lençóis como se eles fossem contagiosos para minha família se usassem o mesmo cobertor que usei quando estava doente.","Uma bactéria estreptocócica na garganta permanece em suas toalhas, roupas de cama, etc. e pode infectar outras pessoas ao seu redor?"
"Ei, então eu acabei de ter infecções de garganta e devo lavar todos os meus lençóis como se eles fossem contagiosos para minha família se usassem o mesmo cobertor que usei quando estava doente.",Como a garganta estreptocócica é diagnosticada? Eu preciso ver um médico para isso?
"Olá, dr. Tenho 33 anos de idade, sou casado e tenho 3 filhos, minha altura é de 173 cm e meu peso é de 100 libras. Meu peso normal de acordo com a idade deve ser de 75 anos.",Como perder peso rapidamente após o parto?
"Olá, dr. Tenho 33 anos de idade, sou casado e tenho 3 filhos, minha altura é de 173 cm e meu peso é de 100 libras. Meu peso normal de acordo com a idade deve ser de 75 anos.",Qual é o peso ideal para uma mulher de 33 anos?
Quão precisos são os exames de sangue para diabéticos que testam o açúcar no sangue de 3 meses?,O HBA1c é um teste muito preciso?
Quão precisos são os exames de sangue para diabéticos que testam o açúcar no sangue de 3 meses?,De quais exames você precisa se suspeitar que tem diabetes?
Como uma pessoa pode saber se tem a síndrome da fadiga crônica?,Quais são os sintomas da síndrome da fadiga crônica?
Como uma pessoa pode saber se tem a síndrome da fadiga crônica?,Qual é o tratamento da síndrome da fadiga crônica?
Como uma mulher grávida em repouso pode evitar atrofia e coágulos sanguíneos?,"Fui aconselhado repouso absoluto pela minha obstetra, estou grávida de 23 semanas. Como posso prevenir atrofia e coágulos sanguíneos?"
Como uma mulher grávida em repouso pode evitar atrofia e coágulos sanguíneos?,"É comum que uma mulher grávida em repouso na cama tenha atrofia e coágulos sanguíneos, todo mundo tem?"
Como posso ter evacuações diárias normais quando estou constipado e não tenho uma bexiga normal há quase um mês?,"A constipação é ruim? Quer dizer, pode danificar outras partes do corpo ou causar qualquer dano a longo prazo para mim?"
Como posso ter evacuações diárias normais quando estou constipado e não tenho uma bexiga normal há quase um mês?,"Estou lutando contra a constipação há quase um mês, você pode me ajudar com um plano de tratamento para o mesmo? É bastante incômodo, honestamente; ("
Como posso me livrar dessa dor na minha perna?,Dor na perna é sinal de coágulo sanguíneo?
Como posso me livrar dessa dor na minha perna?,"Comecei a sentir uma dor aleatória na perna, o que devo fazer?"
Como você pode curar a bursite crônica do joelho?,Como é diagnosticada a bursite crônica do joelho? A ressonância magnética é sempre necessária?
Como você pode curar a bursite crônica do joelho?,Quais são as opções de tratamento disponíveis para a bursite crônica do joelho?
Quão comum é alguém pegar a síndrome do túnel cubital?,Como você pode tratar uma síndrome do túnel cubital?
Quão comum é alguém pegar a síndrome do túnel cubital?,A síndrome do túnel cubital é muito comum em mulheres jovens?
Como um donut é decomposto no sistema digestivo se essencialmente não contém nutrientes?,Você pode me orientar no processo de digestão de uma rosquinha no corpo humano?
Como um donut é decomposto no sistema digestivo se essencialmente não contém nutrientes?,Os donuts têm algum valor nutritivo ou são lixo puro?
Como você sabe os dias em que ovula se sua menstruação muda a cada mês e como faço para aumentar minhas chances de engravidar?,Como monitorar a ovulação de uma pessoa com períodos irregulares?
Como você sabe os dias em que ovula se sua menstruação muda a cada mês e como faço para aumentar minhas chances de engravidar?,Como posso aumentar minhas chances de engravidar?
Quão eficazes são os plugues punctal para o tratamento de olhos secos após o lasik? Estou com quase 1 ano de pós-operatório e as lágrimas artificiais não estão ajudando.,Os plugues punctal têm um benefício maior sobre as lágrimas artificiais para o tratamento de olhos secos após Lasik?
Quão eficazes são os plugues punctal para o tratamento de olhos secos após o lasik? Estou com quase 1 ano de pós-operatório e as lágrimas artificiais não estão ajudando.,Quais são as complicações do procedimento Lasik?
Quanto tempo viveria uma pessoa com câncer?,O câncer é curável?
Quanto tempo viveria uma pessoa com câncer?,Qual é a expectativa de vida média de uma pessoa após o diagnóstico de câncer?
Quantos moldes de meus dentes o ortodontista receberia antes de eu receber o aparelho?,Como decidir se precisa de aparelho ortodôntico ou não? Todos deveriam pegá-los?
Quantos moldes de meus dentes o ortodontista receberia antes de eu receber o aparelho?,O dentista tirará muitos moldes dos dentes antes de eu realmente conseguir o aparelho? Eu odeio fazer moldes ...
"Resultado do teste de soro para HSV 1 + 2 - 1,77 e resultado de PCR para HSV Tipo 1 + 2 DNA Negativo. Não consigo entender a diferença entre dois resultados.","Como o HSV é testado, se houver suspeita de infecção?"
"Resultado do teste de soro para HSV 1 + 2 - 1,77 e resultado de PCR para HSV Tipo 1 + 2 DNA Negativo. Não consigo entender a diferença entre dois resultados.",Resultado do teste de soro para HSV 1 + 2 - resultado de 1.77 e resultado de PCR para HSV tipo 1 + 2 negativo. Esses dois valores significam a mesma coisa?
Remanescente do anel do hímen ... o que é e como você pode consertar?,Um hímen pode ser reparado depois de rompido para dar a impressão de que ainda é virgem?
Remanescente do anel do hímen ... o que é e como você pode consertar?,Existe uma maneira de consertar um remanescente do anel do hímen?
"Histerossalpingografia, você pode me falar sobre isso?",Tenho um procedimento programado para verificar meus tubos. HSG alguma coisa ... Histerossalpingografia talvez. Você pode me falar mais sobre o procedimento?
"Histerossalpingografia, você pode me falar sobre isso?","Estou tentando ter filhos há 1 ano, mas nada está acontecendo. Devo fazer alguns testes? Já ouvi falar do HSG, é bom?"
Tenho 24 anos e estou amamentando minha filha de 9 meses. Posso fazer mamogramas porque o último resultado há 2 anos foi fibrocisto na mama esquerda Devo me preocupar?,A amamentação pode piorar as alterações fibrocísticas da mama?
Tenho 24 anos e estou amamentando minha filha de 9 meses. Posso fazer mamogramas porque o último resultado há 2 anos foi fibrocisto na mama esquerda Devo me preocupar?,Estou amamentando minha filha. É seguro fazer uma mamografia para F / u em alterações fibrocísticas em minha mama esquerda?
Estou grávida de 35 semanas e 6 dias e tenho perdido muito líquido claro do meu peito e também tenho fortes dores de aperto na barriga?,Estou com quase 36 semanas de gravidez e notei muito líquido claro saindo do meu peito e dores no baixo-ventre. Estou entrando em trabalho de parto?
Estou grávida de 35 semanas e 6 dias e tenho perdido muito líquido claro do meu peito e também tenho fortes dores de aperto na barriga?,Estou com quase 36 semanas de gravidez. Preciso de outro ultrassom?
"Eu tenho 44 anos e meus seios e mamilos estão sensíveis, o que poderia ser?",Pode-se esperar a menopausa aos 44 anos?
"Eu tenho 44 anos e meus seios e mamilos estão sensíveis, o que poderia ser?","Tenho 44 anos, sinto dor nos seios e nos mamilos há uma semana, não menstruo há algum tempo. Posso estar grávida?"
Estou notando pequenas saliências vermelhas na pele perto dos meus lábios?,"A pele perto dos lábios parece um pouco inchada, isso significa que tenho uma DST?"
Estou notando pequenas saliências vermelhas na pele perto dos meus lábios?,O que pode causar pequenas saliências vermelhas perto dos lábios vaginais?
"Estou tomando penicilina há cerca de um mês, há uma semana comecei a menstruar, mas à tarde parou. A penicilina pode atrasar os períodos?",A penicilina pode interferir na minha pílula anticoncepcional?
"Estou tomando penicilina há cerca de um mês, há uma semana comecei a menstruar, mas à tarde parou. A penicilina pode atrasar os períodos?",A penicilina pode interferir na minha menstruação e causar uma quase inexistente?
"Jejuo 16 horas como 8. Mas, por 8 horas, como três refeições. Portanto, devo manter minhas refeições juntas para não começar a jejuar ou elas podem ser distribuídas?","É ruim se um diabético tem um horário de alimentação errático, jejum diário de 16 horas e depois come de tudo nas demais 8 horas?"
"Jejuo 16 horas como 8. Mas, por 8 horas, como três refeições. Portanto, devo manter minhas refeições juntas para não começar a jejuar ou elas podem ser distribuídas?",É ruim jejuar por 16 horas e depois comer três refeições em 8 horas?
"Se as temperaturas globais aumentarem, a malária se espalhará para outras áreas?",Estou viajando para a Ásia. Eu preciso fazer profilaxia contra malária?
"Se as temperaturas globais aumentarem, a malária se espalhará para outras áreas?",A malária é mais comum em áreas mais quentes?
"Se eu não tiver o muco cervical da clara do ovo, ainda estarei ovulando?",É imperativo que a pessoa tenha muco cervical de clara de ovo durante a ovulação?
"Se eu não tiver o muco cervical da clara do ovo, ainda estarei ovulando?",Quais são os sinais de ovulação?
"Se eu usar 4 tylenol (paracetamol) 3 e 0,50 mg de Xanax, seria tão perigoso usar lsd e mdma algumas horas depois, pois seria apenas misturar lsd e mdma? Ty","É possível tomar Tylenol, Xanax, LSD e MDMA em um intervalo de algumas horas?"
"Se eu usar 4 tylenol (paracetamol) 3 e 0,50 mg de Xanax, seria tão perigoso usar lsd e mdma algumas horas depois, pois seria apenas misturar lsd e mdma? Ty",É perigoso misturar vários tipos de drogas e álcoois?
"Se a massa que tenho entre minhas costelas for cancerosa, isso tornaria algo anormal em um hemograma e em que estágio?","Tenho uma massa entre as costelas, estou preocupada que possa ser câncer. Se for, aparecerá no CBC?"
"Se a massa que tenho entre minhas costelas for cancerosa, isso tornaria algo anormal em um hemograma e em que estágio?",É possível desenvolver câncer entre as costelas?
"Se você sentiu uma massa na mama por mais de 4 anos, devo me preocupar?",Todas as massas mamárias são cancerosas?
"Se você sentiu uma massa na mama por mais de 4 anos, devo me preocupar?",Tenho 40 anos e já estou com um caroço no seio direito há cerca de 4 anos. Pode ser câncer?
"Se o seu bebê já caiu, isso significa automaticamente que você está perto de ter o bebê?",O trabalho de parto termina quando o bebê cai?
"Se o seu bebê já caiu, isso significa automaticamente que você está perto de ter o bebê?",Quais são os sinais usuais de trabalho de parto?
"Fui eletrocutado quando estava trocando um fio do meu carro e acidentalmente toquei nele com uma chave de fenda e fiquei chocado, senti que ele subia pelos meus braços, está bem?",Acabei de receber um pequeno choque elétrico no braço! Estou surtando um pouco. Devo consultar um médico?
"Fui eletrocutado quando estava trocando um fio do meu carro e acidentalmente toquei nele com uma chave de fenda e fiquei chocado, senti que ele subia pelos meus braços, está bem?",Que nível de choque elétrico pode ser fatal para o corpo humano?
"Fiz 2 radiografias de tórax 2 vezes diferentes com mecine portátil. Vi a imagem, mas não vi as costelas, só os pulmões é possível.",Uma fratura de costela pode ser diagnosticada em uma radiografia de tórax?
"Fiz 2 radiografias de tórax 2 vezes diferentes com mecine portátil. Vi a imagem, mas não vi as costelas, só os pulmões é possível.","As radiografias de meu tórax continuam mostrando apenas meus pulmões, mas não minhas costelas! Como isso é possível?"
"Tive o implante removido e agora tenho Evelyn para a pílula combinada. Teve alguns meses normais, mas agora sangra quando é limpo e não deveria estar. Por quê? Veja um doc?",Os anticoncepcionais hormonais podem causar sangramento irregular? E manchas?
"Tive o implante removido e agora tenho Evelyn para a pílula combinada. Teve alguns meses normais, mas agora sangra quando é limpo e não deveria estar. Por quê? Veja um doc?","Parei de tomar meu controle de natalidade há 6 meses, mas ainda assim meu período é irregular e manchas continuam acontecendo. O que você acha que pode ser o problema aqui?"
"Tive liberação epicondilar medial / descompressão do nervo ulnar 09/05/14. Quando eu acordei, eu estava com dor de garganta, ainda tenho dor de garganta? Estou preocupado?",Quanto tempo é o período de recuperação para a cirurgia de liberação do epicondilar medial / descompressão do nervo ulnar?
"Tive liberação epicondilar medial / descompressão do nervo ulnar 09/05/14. Quando eu acordei, eu estava com dor de garganta, ainda tenho dor de garganta? Estou preocupado?","Tenho tido esta dor de garganta constante desde a minha cirurgia há alguns anos, qual poderia ser a causa?"
"Eu tive meu menisco reparado na semana passada, eu não deveria suportar peso nesta perna. Perdi o equilíbrio e me peguei usando essa perna brevemente, estou bem?",Por quanto tempo após a cirurgia meniscal você deve evitar colocar peso na perna lesada?
"Eu tive meu menisco reparado na semana passada, eu não deveria suportar peso nesta perna. Perdi o equilíbrio e me peguei usando essa perna brevemente, estou bem?","Que opções de tratamento eu tenho, se descobri recentemente que tive uma ruptura meniscal?"
"Eu fiz sexo desprotegido 2 semanas atrás, comecei a ter uma secreção marrom, mas ainda não comecei. O que isso significa? Eu tenho períodos irregulares btw.",Um corrimento vaginal marrom significa que estou grávida?
"Eu fiz sexo desprotegido 2 semanas atrás, comecei a ter uma secreção marrom, mas ainda não comecei. O que isso significa? Eu tenho períodos irregulares btw.","Quais são os sintomas de uma gravidez? Tenho períodos irregulares, como faço para monitorar minha ovulação?"
Eu tenho uma cicatriz preta no olho que posso ver quando olho para algo que é de uma cor clara. Está lá há 2 meses. Ele irá embora por conta própria?,Eu notei algumas cicatrizes pretas no meu olho? O que poderia ser? E irá embora por conta própria?
Eu tenho uma cicatriz preta no olho que posso ver quando olho para algo que é de uma cor clara. Está lá há 2 meses. Ele irá embora por conta própria?,"Percebi um pouco de vermelhidão no meu olho hoje, pode ser o início de um olho rosa?"
"Eu tenho um hematoma circulando uma picada de inseto, isso é comum?",Como diferenciar uma picada de inseto simples de uma picada de aranha?
"Eu tenho um hematoma circulando uma picada de inseto, isso é comum?","Tive uma picada de inseto, agora percebo um hematoma ao redor, isso é normal?"
Tenho uma picada de inseto e está piorando. O que você recomenda?,Como posso saber se é uma simples picada de inseto ou uma picada de aranha?
Tenho uma picada de inseto e está piorando. O que você recomenda?,O que pode ajudar com uma picada de inseto?
"Eu tenho uma sensação de queimação na parte superior da minha mama após 2 dias de aumento de mama, isso é normal?",Quais são os efeitos colaterais de longo prazo do aumento do peito
"Eu tenho uma sensação de queimação na parte superior da minha mama após 2 dias de aumento de mama, isso é normal?",Quais são os sintomas que se podem esperar na fase de recuperação após um aumento de mama?
"Tenho uma ruptura / laceração de espessura total do tendão flexor do hálux após uma cirurgia de joanete, há 3 meses. Ele está retraído 2,5 cm. e não consigo dobrar o dedão do pé para baixo. Quais são os possíveis problemas de longo prazo sem a capacidade do dedão do pé para empurrar para baixo, para fornecer",Quais são as complicações de uma cirurgia de joanete?
"Tenho uma ruptura / laceração de espessura total do tendão flexor do hálux após uma cirurgia de joanete, há 3 meses. Ele está retraído 2,5 cm. e não consigo dobrar o dedão do pé para baixo. Quais são os possíveis problemas de longo prazo sem a capacidade do dedão do pé para empurrar para baixo, para fornecer",Quais são as complicações a longo prazo de uma ruptura / ruptura de espessura total do tendão flexor do hálux?
Eu tenho um caroço na parte de trás da minha cabeça. Está acima da linha do cabelo no meio. É duro e inabalável. Não dói. Devo me preocupar?,Eu tenho um caroço na minha cabeça. Pode ser câncer?
Eu tenho um caroço na parte de trás da minha cabeça. Está acima da linha do cabelo no meio. É duro e inabalável. Não dói. Devo me preocupar?,O que significaria uma protuberância na linha média fixa e dura na cabeça que está lá há algumas semanas?
"Tenho uma ferida dolorosa dentro do nariz, é vermelha e áspera. Meu nariz também está muito seco. O que é e como o trato? Não vai embora e dói.","Estou com uma ferida vermelha e áspera dentro do nariz há 3 dias, e meu nariz também está bastante seco! O que poderia ser isso? É muito doloroso na verdade, então qualquer ajuda será apreciada"
"Tenho uma ferida dolorosa dentro do nariz, é vermelha e áspera. Meu nariz também está muito seco. O que é e como o trato? Não vai embora e dói.",Meu nariz está excepcionalmente seco. Isso poderia estar causando sangramento no nariz?
Tenho uma possível fratura do punho do escafoide. Como posso saber sem ir ao hospital?,A fratura do punho do escafoide sempre precisa de cirurgia?
Tenho uma possível fratura do punho do escafoide. Como posso saber sem ir ao hospital?,Quais são os sintomas de uma fratura do punho do escafoide?
"Tenho artrite nos joelhos e na parte inferior das costas. Normalmente, quando saio da cama, eles estão rígidos. Meus quadris doem e ficam rígidos se eu deitar de costas à noite?","Como posso controlar a rigidez dos joelhos, parte inferior das costas, etc. Tenho artrite"
"Tenho artrite nos joelhos e na parte inferior das costas. Normalmente, quando saio da cama, eles estão rígidos. Meus quadris doem e ficam rígidos se eu deitar de costas à noite?",Quais são os sinais e sintomas da artrite?
"Tenho uretra e clitóris quentes e irritados, tenho que urinar muito. Acho que tenho uma UTI ou infecção por fungos. Você pode curar sua própria UTI?",Como posso diferenciar entre uma DST e uma UTI?
"Tenho uretra e clitóris quentes e irritados, tenho que urinar muito. Acho que tenho uma UTI ou infecção por fungos. Você pode curar sua própria UTI?",Quais são as maneiras de gerenciar uma UTI em casa?
"Tenho comido 1200-1300 cal. (na maioria dos dias) e exercícios 5x / sem. Eu como mais nos fins de semana, mas mantenho meu peso. Mas esta semana ganhei 2,5 libras! Tenho estado estressado e constipado. É por isso?","O estresse e a constipação podem causar ganho de peso, apesar de uma alimentação saudável e exercícios físicos?"
"Tenho comido 1200-1300 cal. (na maioria dos dias) e exercícios 5x / sem. Eu como mais nos fins de semana, mas mantenho meu peso. Mas esta semana ganhei 2,5 libras! Tenho estado estressado e constipado. É por isso?",Quais são algumas maneiras de ajudar a alcançar o controle de peso desejado?
"Tenho sentido dores abdominais, diarreia após as refeições, fadiga e, ocasionalmente, fezes com sangue. Poderia ser a doença de Crohn?",A doença de Crohn é completamente curável ou controlável?
"Tenho sentido dores abdominais, diarreia após as refeições, fadiga e, ocasionalmente, fezes com sangue. Poderia ser a doença de Crohn?",Quais são os sintomas da doença de Crohn? Acho que posso estar desenvolvendo :(
"Estou tomando meu anticoncepcional Amethia há 3 meses, mas na quarta-feira tomei duas horas depois do que normalmente faria. Eu ainda posso praticar sexo?","Se em alguns dias eu tomar minhas pílulas de BC algumas horas atrasado, tudo bem?"
"Estou tomando meu anticoncepcional Amethia há 3 meses, mas na quarta-feira tomei duas horas depois do que normalmente faria. Eu ainda posso praticar sexo?",Perdi meus comprimidos por 2 dias seguidos ... Posso engravidar por causa disso?
Tenho l5-s1 disco protuberante. Um médico me disse que eu deveria largar o squash para sempre e outro médico disse que posso jogar novamente dentro de 3 meses. Tenho 28?,O disco protuberante 15-s1 requer repouso absoluto para toda a vida?
Tenho l5-s1 disco protuberante. Um médico me disse que eu deveria largar o squash para sempre e outro médico disse que posso jogar novamente dentro de 3 meses. Tenho 28?,Por quanto tempo devo evitar treinos intensos se recentemente fui diagnosticado com disco protuberante leve 15-s1?
Tenho nefropatia membranosa e procuro um nefrologista. A doença pode ir embora ou estou mais certo de que algum dia entrarei em diálise algum dia. Obrigado?,A nefropatia diabética é reversível?
Tenho nefropatia membranosa e procuro um nefrologista. A doença pode ir embora ou estou mais certo de que algum dia entrarei em diálise algum dia. Obrigado?,Qual é o prognóstico da nefropatia membranosa?
"Tenho urina de microalbumina 343,2 ug / ml, Relação microálb / creat, urina aleatória 402,3 mg / g creat, sem DM, sem HT, isso é sério? O que fazer a seguir?",O que pode causar perda de proteínas na urina?
"Tenho urina de microalbumina 343,2 ug / ml, Relação microálb / creat, urina aleatória 402,3 mg / g creat, sem DM, sem HT, isso é sério? O que fazer a seguir?","O que significa a microalbumina urina 343,2 ug / ml, relação microálb / creat, urina aleatória 402,3 mg / g creat na urina? Isso é ruim? Eu vou morrer?"
Tenho dor na parte inferior da mandíbula direita e também sinto um inchaço embaixo dela. Devo também informá-lo sobre o diagnóstico provisório da doença de Bechet.,A doença de Behçet também pode causar dor e inchaço sob a mandíbula?
Tenho dor na parte inferior da mandíbula direita e também sinto um inchaço embaixo dela. Devo também informá-lo sobre o diagnóstico provisório da doença de Bechet.,Qual é o prognóstico para a doença de Behçet? Piora com a idade?
"Tenho feridas dolorosas no estômago, e doem tanto. Acho que podem ser furúnculos ou pêlos encravados. Como eu trato isso?","Costumo ter essas feridas dolorosas nas pernas, estômago, axilas. São furúnculos ou simplesmente pêlos encravados? Você pode me sugerir algumas medidas para as feridas?"
"Tenho feridas dolorosas no estômago, e doem tanto. Acho que podem ser furúnculos ou pêlos encravados. Como eu trato isso?",Por que continuo tendo essas infecções de cabelo encravado? Você pode explicar o mecanismo por trás disso?
Tenho TMJ em da Índia e gostaria de perguntar se é curável?,Quais são as complicações a longo prazo da dor na ATM?
Tenho TMJ em da Índia e gostaria de perguntar se é curável?,Quais são as opções de tratamento disponíveis para TMJ?
"Sei que existem alternativas para a penicilina, mas por que não usamos as outras? Existem problemas com eles ou? (é para um projeto escolar)",Que benefício adicional oferece a penicilina em comparação com outros medicamentos da mesma categoria?
"Sei que existem alternativas para a penicilina, mas por que não usamos as outras? Existem problemas com eles ou? (é para um projeto escolar)",O que a sensibilidade à penicilina apresenta?
"Tenho 33 anos, sou fumante, inflamação do estômago, gastrite, fiz um aborto há 11 anos, não consigo engravidar depois de 10 anos, porque ??","Eu sou fumante e tenho gastrite inflamatória, devo parar de fumar ou simplesmente reduzir o fumo vai funcionar?"
"Tenho 33 anos, sou fumante, inflamação do estômago, gastrite, fiz um aborto há 11 anos, não consigo engravidar depois de 10 anos, porque ??",É possível conceber se alguém fez um aborto há 10 anos?
"Eu devo tomar minha injeção anticoncepcional no dia 24, mas tenho tido dor no útero no lado direito do meu útero, não tenho certeza do que pode ser?","Depois de quanto tempo parando com as injeções anticoncepcionais, uma pessoa pode engravidar?"
"Eu devo tomar minha injeção anticoncepcional no dia 24, mas tenho tido dor no útero no lado direito do meu útero, não tenho certeza do que pode ser?","Estou sentindo essa dor no lado direito há alguns dias, mas também devo tomar minha injeção anticoncepcional, poderia ser por causa disso?"
"Eu baguncei meu controle de natalidade e comecei uma nova matilha. Quando tirei a primeira semana, sangrei por 3 dias. Agora estou confuso quando meu período voltará.",Eu confundi as datas da minha cartela de comprimidos e agora sangrei por 3 dias no meio. Quando devo esperar meu período agora?
"Eu baguncei meu controle de natalidade e comecei uma nova matilha. Quando tirei a primeira semana, sangrei por 3 dias. Agora estou confuso quando meu período voltará.",Perdi meus comprimidos por 2 dias seguidos ... Posso engravidar por causa disso?
Tenho muito medo de agulhas. Estou tirando meu sangue pela primeira vez em alguns meses. Eles poderiam fazer algo para não doer?,Tenho um pequeno hematoma no local de onde o sangue foi retirado esta manhã. isso é normal?
Tenho muito medo de agulhas. Estou tirando meu sangue pela primeira vez em alguns meses. Eles poderiam fazer algo para não doer?,Existe alguma forma de anestesia local que pode ser usada para anestesiar a pele antes de tirar sangue? Tenho muito medo de agulhas.
Estou me perguntando qual é o melhor controle de natalidade?,As pílulas anticoncepcionais e as pílulas de emergência podem ser tomadas juntas?
Estou me perguntando qual é o melhor controle de natalidade?,Como decido qual é o melhor controle de natalidade para mim?
"Em meus exames de sangue, tenho altos níveis de trigliceridos (234 mg / dl), got (ast) (37,4ui / l), gpt (alt) (59,3ui / l), gama-gt (52,3ui / l). Esses níveis são ruins?","Os seguintes níveis sanguíneos de trigliceridos (234 mg / dl), got (ast) (37,4ui / l), gpt (alt) (59,3ui / l), gama-gt (52,3ui / l) são normais ou devo ser preocupado?"
"Em meus exames de sangue, tenho altos níveis de trigliceridos (234 mg / dl), got (ast) (37,4ui / l), gpt (alt) (59,3ui / l), gama-gt (52,3ui / l). Esses níveis são ruins?",Com que nível de triglicerídeos no sangue você precisaria iniciar a medicação?
Isso é normal. Para suas gengivas incharem quando você estiver menstruada?,Ocorre algum inchaço gengival durante o período?
Isso é normal. Para suas gengivas incharem quando você estiver menstruada?,Tenho tido algum inchaço e sangramento nas gengivas. O que pode estar acontecendo?
É normal ter baixo desejo sexual depois de três c secções?,A libido de uma mulher diminui após 3 cesarianas?
É normal ter baixo desejo sexual depois de três c secções?,Minha 4ª também será uma cesariana se minhas 3 anteriores foram cesáreos?
É possível que uma pessoa sobreviva ao câncer hepático metastático?,Como o câncer hepático metastático é diagnosticado? Qual é o teste padrão ouro?
É possível que uma pessoa sobreviva ao câncer hepático metastático?,Qual é o prognóstico de um câncer hepático metastático?
"É possível ter herpes e surtos apenas no canal anal e embaixo da língua, mas não na boca ou vagina?",Deve-se consultar um médico local para cada surto de herpes? E o mesmo medicamento ajudará em todos os sites?
"É possível ter herpes e surtos apenas no canal anal e embaixo da língua, mas não na boca ou vagina?",Onde todos podem experimentar erupções de Herpes?
É seguro fazer uma histerectomia antes da angioplastia?,A histerectomia e a angioplastia são perigosas uma após a outra?
É seguro fazer uma histerectomia antes da angioplastia?,"Acabei de fazer minha histerectomia há 6 meses e agora meu médico me aconselhou a fazer uma angioplastia para uma dor no peito! Eu tenho apenas 35 anos, eu realmente preciso disso?"
É seguro tomar um probiótico durante a amamentação?,Os probióticos são úteis na diarreia?
É seguro tomar um probiótico durante a amamentação?,"Estou com diarreia, mas estou amamentando meu filho de 6 meses, então quero evitar qualquer antibiótico, mas os probióticos são seguros?"
Comecei a arrotar e cheirava e tinha gosto de ovo podre com sintomas de diarréia e vômito aguado que parecia sangue vermelho e borra de café,"Eu sou uma não fumante, não alcoólatra de 26 anos e tenho arroto, vomito, tenho diarreia e acho que notei um pouco de sangue no meu vômito. O que está acontecendo comigo? Eu deveria estar preocupado?"
Comecei a arrotar e cheirava e tinha gosto de ovo podre com sintomas de diarréia e vômito aguado que parecia sangue vermelho e borra de café,Quais são as possíveis causas do sangue no vômito?
"Pisei em uma pedra que machucou a parte externa do meu pé. 17 dias depois, inchaço e hematomas. Ainda desconforto. Caminhar prejudicará a cura?",Fraturei meu pé e agora está engessado? Quanto tempo terei para usar um?
"Pisei em uma pedra que machucou a parte externa do meu pé. 17 dias depois, inchaço e hematomas. Ainda desconforto. Caminhar prejudicará a cura?","Já se passaram quase 2 semanas e meia desde que bati em uma pedra e machuquei meu pé, embora o inchaço tenha diminuído, ainda dói, é uma fratura, estou bem para andar ou devo evitar carregar peso?"
A cândida é retestada após o tratamento?,Em quanto tempo alguém deve fazer o teste de Candida após completar o tratamento?
A cândida é retestada após o tratamento?,A clamídia é testada novamente após o tratamento?
Existe uma diferença entre comprimidos de inositol e pó?,Você poderia me explicar o uso do Inositol?
Existe uma diferença entre comprimidos de inositol e pó?,Faz diferença se eu tomar Inositol em pílula ou em pó?
Existe um horário específico para os adolescentes dormirem?,O padrão de sono de um adolescente é semelhante ao de um adulto?
Existe um horário específico para os adolescentes dormirem?,Os adolescentes devem ir para a cama em uma determinada hora e dormir por um certo número de horas?
Uma dose muito alta de controle de natalidade é perigosa?,Tomar pílulas BC e anticoncepcionais de emergência juntos é perigoso?
Uma dose muito alta de controle de natalidade é perigosa?,Existe alguma dose de controle de natalidade que pode ser considerada perigosa?
Parei de usar accutane / isotroin em novembro. É seguro ter um bebê agora?,O Accutane / isotroin pode causar anomalias fetais?
Parei de usar accutane / isotroin em novembro. É seguro ter um bebê agora?,Quanto tempo deve-se abster para a concepção quando em accutane / isotoin?
O uristate (fenazopiridina) é um bom tratamento para um potencial uti?,O Uristat ajuda a prevenir uma ITU se houver suspeita?
O uristate (fenazopiridina) é um bom tratamento para um potencial uti?,Quais são as opções de gerenciamento disponíveis para uma UTI?
É verdade que não devemos beber comprimidos ou vit. com água fria?,Você pode me aconselhar alguns bons multivitaminas para um corpo mais saudável?
É verdade que não devemos beber comprimidos ou vit. com água fria?,Tomar comprimidos com água fria os torna ineficazes?
"Usei uma almofada de milho de venda livre no dedo do pé, que tinha um calo sensível e agora está muito pior e inchado. Como posso curar minha pele?",Uma almofada de algodão OTC pode realmente piorar o calo ou é seguro usar?
"Usei uma almofada de milho de venda livre no dedo do pé, que tinha um calo sensível e agora está muito pior e inchado. Como posso curar minha pele?",Eu tenho um milho de longa data no meu dedo do pé. A cirurgia é minha única opção?
"Eu tenho um banco com uma barra, halteres, barra de puxar e uma esteira, quais são alguns exercícios que eu poderia fazer para ganhar músculos?",Você poderia me dar algumas dicas para ganho muscular enquanto estou na academia? Algum exercício específico?
"Eu tenho um banco com uma barra, halteres, barra de puxar e uma esteira, quais são alguns exercícios que eu poderia fazer para ganhar músculos?",Que alimentos podem nos ajudar a construir nossa massa muscular enquanto mantemos a gordura baixa?
Estou resfriado há 1 semana. Acabei de parar de tomar antibióticos. Às vezes tosse com muco cinza. Dr não está preocupado. Devo tomar o segundo lote de antibióticos?,Como a garganta estreptocócica é diagnosticada? Eu preciso ver um médico para isso?
Estou resfriado há 1 semana. Acabei de parar de tomar antibióticos. Às vezes tosse com muco cinza. Dr não está preocupado. Devo tomar o segundo lote de antibióticos?,"Estou tomando antibióticos para meu resfriado há quase uma semana, mas ainda estou tossindo um pouco de catarro com membranas mucosas cinza. Devo continuar com os antibióticos?"
"Eu nunca tive acne hormonal até começar a tilia fe b.C, quatro meses atrás. É para tratar a acne. Devo dar um tempo ou trocar de b.Cs?",A pílula anticoncepcional Telia Fe pode causar ou piorar a acne?
"Eu nunca tive acne hormonal até começar a tilia fe b.C, quatro meses atrás. É para tratar a acne. Devo dar um tempo ou trocar de b.Cs?",Você pode compartilhar alguns remédios caseiros para o tratamento da acne?
"Fui diagnosticado com / Chlamydia em 29/09/2015. Tratado no mesmo dia. Testado em 16/11/2015, deu positivo. Não faço sexo desde o primeiro teste. Como?","Você ainda pode contrair clamídia depois de completar o tratamento, mesmo que se abstenha de sexo?"
"Fui diagnosticado com / Chlamydia em 29/09/2015. Tratado no mesmo dia. Testado em 16/11/2015, deu positivo. Não faço sexo desde o primeiro teste. Como?",Qual é o tratamento para infecções recorrentes por clamídia?
Foi-me prescrito Tripsina + Quimotripsina para tratamento dentário tds durante 3 dias. Posso continuar essas combinações por um longo período?,É perigoso tomar Tripsina + Quimotripsina por um período mais longo?
Foi-me prescrito Tripsina + Quimotripsina para tratamento dentário tds durante 3 dias. Posso continuar essas combinações por um longo período?,Qual é o mecanismo de ação da combinação Tripsina + Quimotripsina na cicatrização dentária?
Eu estava tomando amoxicilina para um problema de dente. No segundo dia comecei a ter bexiga cheia com dificuldade para urinar e eliminar os sintomas de corrimento.,A amoxicilina pode causar dificuldade em urinar?
Eu estava tomando amoxicilina para um problema de dente. No segundo dia comecei a ter bexiga cheia com dificuldade para urinar e eliminar os sintomas de corrimento.,A amoxicilina é a droga de escolha na ITU?
Eu estava praticando tirolesa e no final dela havia um bloco de cerca de 50 libras. Eu estava indo a cerca de 30 mph e bati meu calcanhar nele. Agora está roxo e inchado. O que devo fazer?,"A fratura de calcanhar é muito comum, como se consegue e quais as opções de tratamento disponíveis?"
Eu estava praticando tirolesa e no final dela havia um bloco de cerca de 50 libras. Eu estava indo a cerca de 30 mph e bati meu calcanhar nele. Agora está roxo e inchado. O que devo fazer?,Acho que posso ter quebrado meu calcanhar! Eu bati em uma grande pedra no final da minha tirolesa e me machuquei. O que agora?
Apenas olhei no lado direito do nariz. muito vermelho e inchado. Dói para cheirar ou tocar fora do nariz. É grande como um pólipo. Tenha uma descarga clara. O que é isso?,"Eu parecia ter desenvolvido um pólipo em meu nariz, é vermelho, inchado e dolorido. Por que isso aconteceria?"
Apenas olhei no lado direito do nariz. muito vermelho e inchado. Dói para cheirar ou tocar fora do nariz. É grande como um pólipo. Tenha uma descarga clara. O que é isso?,"Meu nariz parece meio torto, dá para corrigir?"
"Acabei de ver um caroço preto do tamanho de mármore em bm. Pensei que fosse só comida, então cutuquei com luva de látex. Def não é comida, é cocô. Sangue vermelho ultimamente. Já fiz o teste de ibd (neg). Temp 99,5 por um mês. Er?",Tenho hemorróida e consigo sangue nas fezes com frequência. Como posso controlá-lo?
"Acabei de ver um caroço preto do tamanho de mármore em bm. Pensei que fosse só comida, então cutuquei com luva de látex. Def não é comida, é cocô. Sangue vermelho ultimamente. Já fiz o teste de ibd (neg). Temp 99,5 por um mês. Er?","Eu tenho notado algum sangue nas fezes há algumas semanas, já fui avaliado para DII que deu negativo. E só agora vi um caroço preto do tamanho de uma bola de gude no banheiro. Também estou com uma leve febre há um mês .. O que está acontecendo? Isso é algo sério?"
"L / 4, l / 5 laminect dor no pé 1 ano depois, médico do pé diz normal, neurologista diz s / 1 caus, ortocirurgião diz que a ressonância magnética é boa, neurossur diz que o próprio nervo Whoright?","Eu tenho tido L 4-5, dor no pé há um ano. Alguns médicos dizem que não é nada, outros dizem que está relacionado com os nervos. O que você acha?"
"L / 4, l / 5 laminect dor no pé 1 ano depois, médico do pé diz normal, neurologista diz s / 1 caus, ortocirurgião diz que a ressonância magnética é boa, neurossur diz que o próprio nervo Whoright?",Quais são os sintomas de lesão da vértebra L 4-5?
"Ultimamente, quando fico assustado ou assustado, sinto o sangue descer pelas minhas pernas e os dedos dos pés começam a doer muito. Isso dói por muito tempo. O que é?","Eu tenho sentido essa dormência e dor nos meus pés há alguns dias, o que está acontecendo?"
"Ultimamente, quando fico assustado ou assustado, sinto o sangue descer pelas minhas pernas e os dedos dos pés começam a doer muito. Isso dói por muito tempo. O que é?","Tenho tido esses sintomas estranhos recentemente. Cada vez que algo ruim acontece e eu fico com medo ou com medo, é como se todo o meu sangue fosse drenado para meus pés e meus dedos do pé começassem a doer muito! O que está acontecendo?"
"As pernas estão sempre frias, mesmo quando estou suando muito e os pés e os dedos ficam dormentes. Por quê?",Meus pés sempre ficam dormentes e estão excepcionalmente frios na maioria das vezes. O que está acontecendo?
"As pernas estão sempre frias, mesmo quando estou suando muito e os pés e os dedos ficam dormentes. Por quê?","Meus pés estão dormentes, pode ser um coágulo de sangue?"
Minha sobrinha de 6 meses tem uma mancha redonda rosa em cada coxa no mesmo lugar. Minha irmã está preocupada que seja uma minhoca. Não incomoda o bebê em nada. Pensamentos?,Por quanto tempo a maioria das marcas de nascença permanecem em bebês?
Minha sobrinha de 6 meses tem uma mancha redonda rosa em cada coxa no mesmo lugar. Minha irmã está preocupada que seja uma minhoca. Não incomoda o bebê em nada. Pensamentos?,Qual pode ser o diagnóstico possível para uma mancha redonda rosa em ambas as coxas no mesmo local a 6 m / o? Poderia ser ring worm?
Meu postive de 7 anos novamente para estreptococos e estou inclinado para os pandas. Foi-me prescrito clindamicina 75 mg / 5ml. Este é o antibiótico certo? Ele fez agosto b4.,A clindamicina é uma forma eficaz de controlar Strep em 7 anos?
Meu postive de 7 anos novamente para estreptococos e estou inclinado para os pandas. Foi-me prescrito clindamicina 75 mg / 5ml. Este é o antibiótico certo? Ele fez agosto b4.,Quais são os sinais de infecção por Strep em 7 anos?
Meu namorado me deu possivelmente esperma em suas mãos. Seu dedo estava seco e tudo o que ele fez foi limpar o pênis com ppr twl. Não achamos que algum tenha ficado imperfeito?,Você pode engravidar com sexo oral?
Meu namorado me deu possivelmente esperma em suas mãos. Seu dedo estava seco e tudo o que ele fez foi limpar o pênis com ppr twl. Não achamos que algum tenha ficado imperfeito?,"Meu namorado me tocou, e acho que suas mãos tinham algum esperma seco, eu poderia estar grávida?"
"Minha nota de resultados de hemograma completo é que os rbcs mostram hipocromia, microcitose e anisocitose, devo consultar um médico ou não?",Como a anemia por deficiência de ferro se apresenta em um hemograma?
"Minha nota de resultados de hemograma completo é que os rbcs mostram hipocromia, microcitose e anisocitose, devo consultar um médico ou não?","O que significa quando um resultado de hemograma mostra hipocromia, microcitose e anisocitose"
Meu pai tem cvid e parkinson. Há algum teste que possa mostrar a probabilidade de meus filhos em potencial desenvolverem esses mesmos problemas?,O Cvid e o Parkinson são transmitidos geneticamente?
Meu pai tem cvid e parkinson. Há algum teste que possa mostrar a probabilidade de meus filhos em potencial desenvolverem esses mesmos problemas?,Quais são as opções de gerenciamento disponíveis para cvid e Parkinsons
"Minha amiga acha que ela é gorda, mas ela realmente não é e ela engole calorias de ferramenta e se ela come algo ruim ela queima as calorias fazendo exercício?","Minha amiga começou a ficar obcecada com a gordura da barriga! Ela não come bem, como posso ajudá-la?"
"Minha amiga acha que ela é gorda, mas ela realmente não é e ela engole calorias de ferramenta e se ela come algo ruim ela queima as calorias fazendo exercício?","Qual o peso corporal ideal para uma mulher de 5'4 ""?"
"Minha namorada tem aids e fizemos sexo desprotegido porque ela disse que o controle da natalidade me protegia, certo?",As pílulas anticoncepcionais podem proteger contra a AIDS?
"Minha namorada tem aids e fizemos sexo desprotegido porque ela disse que o controle da natalidade me protegia, certo?","Minha GF tem AIDS, preciso fazer profilaxia?"
Minha namorada acordou com um hematoma na ponta do queixo esta manhã. Ela nunca teve quando foi para a cama e nunca bateu nela. O que pode ser?,Quanto tempo leva para cicatrizar completamente um hematoma no queixo?
Minha namorada acordou com um hematoma na ponta do queixo esta manhã. Ela nunca teve quando foi para a cama e nunca bateu nela. O que pode ser?,Qual pode ser a causa de um hematoma repentino no queixo sem histórico de lesões?
O nível de INR de varfarina da minha mãe tem flutuado em um nível alarmante recentemente sem motivo aparente?,O que todos os testes devem ser feitos para estimar a dosagem correta de varfarina?
O nível de INR de varfarina da minha mãe tem flutuado em um nível alarmante recentemente sem motivo aparente?,Por que os níveis de INR da varfarina flutuam?
"Meu analgésico está me deixando com sono e tonto, mas tenho que trabalhar. O que mais posso levar?",Como controlar a dor sem depender de analgésicos?
"Meu analgésico está me deixando com sono e tonto, mas tenho que trabalhar. O que mais posso levar?",Existe algum analgésico não sedativo por aí?
"Minha menstruação estava preta e pegajosa, mas não está cheirando, embora eu esteja menstruando irregularmente há dois anos?",Tenho períodos irregulares. Ainda posso engravidar?
"Minha menstruação estava preta e pegajosa, mas não está cheirando, embora eu esteja menstruando irregularmente há dois anos?",O que significa corrimento vaginal marrom a preto? Pode ser um período?
"Meu recente teste de sangue INR 1,12 razão APTT 1,16 Beta-2 Microglobulina 1,50mg / L Eles estão ok?","Recentemente fiz testes para INR 1,12 razão APTT 1,16 Beta-2 Microglobulina 1,50mg / L, esses níveis são normais ou devo me preocupar? Tenho apenas 18 anos, por favor me ajude. Estou assustado."
"Meu recente teste de sangue INR 1,12 razão APTT 1,16 Beta-2 Microglobulina 1,50mg / L Eles estão ok?",Quais são os testes necessários se alguém suspeita de um distúrbio de coagulação? Alguns testes de laboratório simples seriam capazes de dizer?
Meu filho está com hemorroida e está ficando ralo e com diarreia leve é ​​de hemorroida?,A cirurgia é a única opção de tratamento para hemorróidas?
Meu filho está com hemorroida e está ficando ralo e com diarreia leve é ​​de hemorroida?,Quais são os sintomas que uma hemorróida pode causar?
O dente frontal adulto do meu filho é muito pontudo. Por que é que?,Poderia haver um motivo especial para o dente adulto que meu filho tem ser tão pontudo?
O dente frontal adulto do meu filho é muito pontudo. Por que é que?,Um dente pontiagudo precisa ser reduzido na clínica do dentista ou pode-se deixar?
"Minhas unhas estão um tom amarelo e se transformaram em uma protuberância na minha unha. Eu queria saber o que eu poderia fazer. Acho que pode ser uma unha fúngica, possivelmente. ?","Se eu tiver uma infecção fúngica nas unhas, eles removerão minha unha?"
"Minhas unhas estão um tom amarelo e se transformaram em uma protuberância na minha unha. Eu queria saber o que eu poderia fazer. Acho que pode ser uma unha fúngica, possivelmente. ?",Quais são os sintomas de uma infecção fúngica das unhas?
Tecido de cicatriz doloroso deixado sob o local atípico de remoção de toupeira na panturrilha. Dor aguda e profunda. Dermatologista recomendado cirurgião plástico. O que vai acontecer?,Eu tenho uma verruga atípica na minha panturrilha. Pode ser canceroso?
Tecido de cicatriz doloroso deixado sob o local atípico de remoção de toupeira na panturrilha. Dor aguda e profunda. Dermatologista recomendado cirurgião plástico. O que vai acontecer?,"Recentemente, removi uma pinta atípica da minha panturrilha, agora há uma cicatriz que dói muito e fui aconselhado a consultar um cirurgião plástico. O que devo esperar na consulta?"
Ataque de pânico após fumar maconha. Isso é normal?,"Estou tendo muitas palpitações e algumas dores no peito e acabei de fumar maconha, isso é um ataque de pânico?"
Ataque de pânico após fumar maconha. Isso é normal?,Estou tendo muitas palpitações e algumas dores no peito. Isso é apenas um ataque de pânico ou um ataque cardíaco?
"Explique o que significa ter um ""nariz proeminente"".",Eu realmente não gosto do formato do meu nariz. Você acha que devo esperar ou fazer a cirurgia o mais rápido possível?
"Explique o que significa ter um ""nariz proeminente"".","Alguém disse que tenho um nariz proeminente, o que poderia significar?"
Por favor ajude! Qual é a taxa de sobrevivência do meningioma maligno?,O meningioma maligno é curável?
Por favor ajude! Qual é a taxa de sobrevivência do meningioma maligno?,Qual é o prognóstico para um paciente com meningioma maligno?
"Por favor, forneça conselhos sobre como interromper o hctz (hidroclorotiazida) após desenvolver petéquias em meus braços. Estou tomando hctz (hidroclorotiazida) há 3 meses e isso acabou de começar.",A hidroclorotiazida é segura para idosos?
"Por favor, forneça conselhos sobre como interromper o hctz (hidroclorotiazida) após desenvolver petéquias em meus braços. Estou tomando hctz (hidroclorotiazida) há 3 meses e isso acabou de começar.",Estou tomando hidroclortiazida há quase 3 meses e recentemente notei algumas petéquias em meus braços. Pode estar relacionado ao medicamento?
Pergunta sobre uma descarga - ciclo viscoso e médio?,"Eu tenho tido algum sangramento no meio do ciclo, já faz quase 10 dias desde que meu período acabou. O que isso poderia significar?"
Pergunta sobre uma descarga - ciclo viscoso e médio?,O que indica uma secreção esbranquiçada e viscosa no meio do ciclo?
"Pergunta rápida sobre tiras de teste de cetonas. Se eles estiverem meio rosados ​​antes de eu usá-los, eles são ruins?",Como posso fazer testes de cetonas na minha urina?
"Pergunta rápida sobre tiras de teste de cetonas. Se eles estiverem meio rosados ​​antes de eu usá-los, eles são ruins?",Devo usar tiras de cetona que ficaram rosadas antes mesmo de usá-las?
"Recentemente, teve vaginose bacteriana e uma infecção por fungos. Ainda acho que tenho tratado com metronidazol + fluconazol, corrimento branco. Pensamentos?",As infecções de BV e levedura podem persistir mesmo após o tratamento adequado? Ainda acho que tenho alguns sintomas.
"Recentemente, teve vaginose bacteriana e uma infecção por fungos. Ainda acho que tenho tratado com metronidazol + fluconazol, corrimento branco. Pensamentos?",Por que continuo tendo infecções recorrentes por fungos?
Sangramento retal após fissura op. O cirurgião encontrou 1 hemorróida grande e algumas pequenas. Bandagem feita para um grande. Cheiro fétido e sangramento persistente. O que é isso?,As fissuras retais e as hemorróidas são a mesma coisa?
Sangramento retal após fissura op. O cirurgião encontrou 1 hemorróida grande e algumas pequenas. Bandagem feita para um grande. Cheiro fétido e sangramento persistente. O que é isso?,Eu tive algum cheiro ruim persistente e sangramento pós bandagem para hemorróidas. O que você acha que pode estar causando isso?
Artigo escolar: como um registro disciplinar e / ou criminal afeta a capacidade de entrar em uma escola profissional / escola de medicina?,"Ok, então eu preciso dessa informação para o meu trabalho escolar. Um registro disciplinar e / ou criminal proíbe você de entrar na escola profissional / escola de medicina?"
Artigo escolar: como um registro disciplinar e / ou criminal afeta a capacidade de entrar em uma escola profissional / escola de medicina?,Você poderá me orientar sobre qual é a melhor faculdade de medicina do país? Estou pensando em me inscrever.
Pele saindo debaixo da minha língua. Isso é normal?,"Eu notei uma pele estranha aparecendo embaixo da minha língua, é algo ou eu apenas percebi hoje?"
Pele saindo debaixo da minha língua. Isso é normal?,O que pode causar uma saliência azulada embaixo da língua?
"Então, duas mulheres podem ter um filho?",Como a concepção realmente ocorre?
"Então, duas mulheres podem ter um filho?",É possível para duas mulheres gays conceberem sozinhas?
"Então, eu tenho essa verruga marrom-escura que coça no quadril, é meio vermelha nas bordas, não tenho ideia do que está causando isso. Alguma ideia?",Como sabemos se uma toupeira é cancerosa ou benigna?
"Então, eu tenho essa verruga marrom-escura que coça no quadril, é meio vermelha nas bordas, não tenho ideia do que está causando isso. Alguma ideia?",Qual pode ser a causa de uma pinta marrom escura e com coceira no quadril com eritema ao redor?
Roubado no dedo mínimo esquerdo há algumas horas. Muito doloroso. Agora está inchado e há um caroço no lado direito do dedo do pé e dói. Fraturado?,Quanto tempo leva para cicatrizar uma fratura do dedo do pé?
Roubado no dedo mínimo esquerdo há algumas horas. Muito doloroso. Agora está inchado e há um caroço no lado direito do dedo do pé e dói. Fraturado?,"Eu acidentalmente bati meu dedo do pé na cama ontem e está todo inchado e dolorido hoje, pode ser uma fratura?"
Sugerir-me formas de corrimento tardio durante a relação sexual masculina de 42 anos?,Acho que tenho DE. Pode me ajudar?
Sugerir-me formas de corrimento tardio durante a relação sexual masculina de 42 anos?,Por que tenho alta tardia quando faço sexo com minha esposa?
"Supondo que o câncer tenha se espalhado de uma origem, esse câncer secundário é tratado de maneira diferente?",Como a disseminação secundária do câncer é diagnosticada?
"Supondo que o câncer tenha se espalhado de uma origem, esse câncer secundário é tratado de maneira diferente?",O tratamento para um câncer de disseminação secundária é igual ao primário?
A causa do meu primeiro aborto espontâneo de gravidez parecia ser um saco sangrento acima do meu bebê às 6 semanas e meia. Posso fazer algo para evitar isso na próxima vez.,"Como posso evitar um aborto espontâneo devido ao sangramento acima do bebê às 6 semanas e meia, como aconteceu na última vez que estive grávida?"
A causa do meu primeiro aborto espontâneo de gravidez parecia ser um saco sangrento acima do meu bebê às 6 semanas e meia. Posso fazer algo para evitar isso na próxima vez.,"Se uma mulher teve um aborto espontâneo em uma gravidez anterior, ela abortará novamente na segunda vez?"
"Maneiras de baixar a bilirrubina como luzes azuis, etc?","Eu suspeito que minha filha tem icterícia, como podemos reduzir seus níveis de bilirrubina?"
"Maneiras de baixar a bilirrubina como luzes azuis, etc?",O que causa o aumento dos níveis de bilirrubina em recém-nascidos?
"Bolhas úmidas no topo do pé, dedos vermelhos ... parece terrível. O que fazer ??","Você pode, por favor, me ajudar com algumas medidas que eu posso tentar em casa para essas bolhas choronas no meu pé que eu tenho há uma semana."
