links,titulo
https://coronavirus.saude.gov.br/index.php/perguntas-e-respostas,Perguntas e respostas - Coronavírus - Ministério da Saúde
https://portal.fiocruz.br/coronavirus/perguntas-e-respostas,Coronavírus: Perguntas e respostas - Fundação Oswaldo ...
https://www.unimed.coop.br/viver-bem/saude-em-pauta/coronavirus-e-covid-19-perguntas-e-respostas,Coronavírus e COVID-19: perguntas e respostas - Saúde em ...
https://www.msdmanuals.com/pt-pt/profissional/resourcespages/covid-19-faq,PERGUNTAS FREQUENTES SOBRE A COVID-19 - Manuais ...
https://www.saude.ma.gov.br/perguntas-e-respostas-sobre-coronavirus-covid-19/,Perguntas e respostas sobre coronavírus (COVID-19) – Portal ...
https://medprev.online/blog/doencas/perguntas-e-respostas-sobre-coronavrus-tire-todas-as-dvidas-sobre-pandemia/,Perguntas e respostas sobre o coronavírus: tire todas as suas ...
http://portal.anvisa.gov.br/web/guest/noticias/-/asset_publisher/FXrpx9qY7FbU/content/testes-para-covid-19-perguntas-e-respostas/219201,Testes para Covid-19: perguntas e respostas - Notícias - Anvisa
http://telessaude.ba.gov.br/category/perguntas-frequentes-covid-19/,Perguntas Frequentes COVID 19 | Telessaúde Bahia
http://www.saude.ba.gov.br/temasdesaude/coronavirus/coronavirussesabresponde/,Novo coronavírus: Perguntas e Respostas | Sesab
https://vidasaudavel.einstein.br/coronavirus/covid-19-faq/,Novo coronavírus (COVID-19): perguntas e respostas – Vida ...
https://www.hospitalmoinhos.org.br/saude-e-voce/perguntas-frequentes-sobre-o-coronavirus/,Perguntas frequentes sobre o Coronavírus - Hospital Moinhos ...
https://www.ucs.br/site/midia/arquivos/ebook-covid19-editora.pdf,COVID-19 - UCS
https://crianca.mppr.mp.br/arquivos/File/legis/covid19/cartilha_coronavirus_unimed.pdf,CORONAVÍRUS E COVID-19: PERGUNTAS E RESPOSTAS
https://covid19.min-saude.pt/perguntas-frequentes/,Perguntas Frequentes - COVID-19 - DGS - SNS
http://revistaquestaodeciencia.com.br/index.php/questao-de-fato/2020/10/02/perguntas-e-respostas-sobre-vacinas-para-covid-19,Perguntas e respostas sobre as vacinas para COVID-19 ...
https://www.novartis.com.br/perguntas-e-respostas-sobre-covid-19,Perguntas e Respostas sobre Covid-19 | Novartis Brasil
https://www.saopaulo.sp.gov.br/spnoticias/perguntas-e-respostas-tire-suas-duvidas-sobre-coronavirus/,Perguntas e respostas: tire suas dúvidas sobre o novo ...
http://saudedebate.com.br/noticias/perguntas-e-respostas-sobre-novo-coronavirus-e-covid-19,Perguntas e respostas sobre novo coronavírus e Covid-19 ...
https://www.hospitalinfantilsabara.org.br/perguntas-e-respostas-sobre-o-novo-coronavirus/,Perguntas e respostas sobre o novo Coronavírus - Hospital ...
https://www.hsph.harvard.edu/viswanathlab/portuguese-faqs-about-covid-19/,Perguntas Frequentes sobre o COVID-19 – Viswanath Lab
https://www.hospitalsaodomingos.com.br/coronavirus/noticia/perguntas-e-respostas-tire-suas-as-duvidas-sobre-o-novo-coronavirus-e-a-covid-19-736,Perguntas e respostas: tire suas as dúvidas sobre o novo ...
https://www.semprefamilia.com.br/saude/coronavirus-perguntas-e-respostas-pandemia-covid-19/,Coronavírus: perguntas e respostas sobre a pandemia de ...
https://www.ufsm.br/coronavirus/perguntas-frequentes/,Perguntas Frequentes – Coronavírus – COVID-19 - UFSM
https://www.gov.br/economia/pt-br/acesso-a-informacao/perguntas-frequentes/covid-19,Perguntas Frequentes sobre as Medidas de Apoio ao Setor ...
https://www.epa.gov/lep/perguntas-frequentes-sobre-o-coronavirus-covid-19,Perguntas frequentes sobre o coronavírus (COVID-19) - EPA
http://prefeitura.rio/saude/novo-coronavirus-perguntas-e-respostas/,Coronavírus (Covid-19): perguntas e respostas - Prefeitura da ...
https://www.ladoaladopelavida.org.br/detalhe-noticia-ser-informacao/oms-perguntas-e-respostas-sobre-o-coronavirus,OMS: perguntas e respostas sobre o coronavírus - detalhe-ser ...
https://aovivo.folha.uol.com.br/equilibrioesaude/2020/03/17/5890-veja-perguntas-e-respostas-sobre-coronavirus-e-mande-suas-duvidas.shtml,Veja perguntas e respostas sobre coronavírus ... - Folha Ao Vivo
https://linhares.es.gov.br/perguntas-frequentes-coronavirus-covid-19/,Perguntas Frequentes – CORONAVÍRUS (COVID-19 ...
https://www.esg.br/covid-19/arquivos/covid-19-_-perguntas-frequentes.pdf/@@download/file/COVID-19%20_%20PERGUNTAS%20FREQUENTES.pdf,PERGUNTAS FREQUENTES - COVID-19
https://www.inca.gov.br/perguntas-frequentes/cancer-e-coronavirus-covid-19,Perguntas frequentes: Câncer e coronavírus (Covid-19) - Inca
https://www.cancer.net/blog/2020-06/perguntas-frequentes-sobre-covid-19-e-c%C3%A2ncer-respostas-para-pacientes-e-sobreviventes,Perguntas frequentes sobre COVID-19 e câncer: respostas ...
https://oglobo.globo.com/sociedade/coronavirus-servico/coronavirus-perguntas-respostas-sobre-covid-19-1-24321969,Coronavírus: Perguntas e respostas sobre a Covid-19 - Jornal ...
https://www.mangaratiba.rj.gov.br/coronavirus/perguntas-frequentes.html,Covid-19 (Coronavírus) | PERGUNTAS FREQUENTES ...
http://coronavirus.saude.mg.gov.br/blog/95-conversar-sobre-covid-19-com-criancas,15 Perguntas sobre como conversar com as crianças sobre a ...
https://www.paho.org/pt/covid19,Folha informativa COVID-19 - Escritório da OPAS e da OMS ...
http://www.adolescencia.org.br/site-pt-br/perguntas-e-respostas,Perguntas e respostas sobre o COVID-19
"https://www.estadao.com.br/infograficos/saude,200-perguntas-sobre-a-doenca-e-o-impacto-na-sua-vida,1091089",200 perguntas sobre a doença e o impacto na sua vida ...
http://www.unirio.br/news/perguntas-e-respostas-sobre-a-covid-19,Perguntas e respostas sobre a Covid-19 — Universidade ...
https://up.pt/covid-19/perguntas-frequentes/,Perguntas frequentes | U.Porto: Coronavirus (COVID-19)
https://saojosedobelmonte.pe.gov.br/perguntas-e-respostas-tire-suas-duvidas-sobre-o-novo-coronavirus/,Perguntas e respostas: tire suas dúvidas sobre o novo ...
https://www.diabetes.org.br/perguntas-frequentes/,Perguntas frequentes - Diabetes na era Covid-19
https://internacional.ufes.br/pt-br/perguntas-frequentes-sobre-o-periodo-de-prevencao-ao-covid-19,Perguntas frequentes sobre o período de prevenção ao ...
https://diariodonordeste.verdesmares.com.br/dias-melhores/vacina-para-a-covid-19-confira-perguntas-e-respostas-para-as-principais-duvidas-1.2981239,Vacina para a Covid-19: confira perguntas e respostas para ...
https://coronavirus.ceara.gov.br/project/testes-para-covid-19-perguntas-e-respostas/,Testes para Covid-19: perguntas e respostas | Coronavírus
http://www.aids.gov.br/pt-br/pub/2020/perguntas-e-respostas-frequentes-sobre-covid-19-e-tuberculose-para-pessoas-em-tratamento-da,Perguntas e respostas frequentes sobre COVID-19 e ...
http://www.aids.gov.br/pt-br/pub/2020/perguntas-e-respostas-sobre-covid-19-e-pessoas-em-tratamento-de-hanseniase,Perguntas e respostas sobre COVID-19 e pessoas em ...
https://alenquer.pa.gov.br/covid19/perguntas-frequentes/,PERGUNTAS FREQUENTES - Prefeitura Municipal de Alenquer
https://www.msf.org.br/coronavirus-perguntas-e-respostas,Coronavírus: perguntas e respostas - Médicos Sem Fronteiras
https://brazil.unfpa.org/pt-br/news/faq-perguntas-frequentes-sobre-covid-19,FAQ: Perguntas frequentes sobre a COVID-19 - UNFPA Brazil
https://especiais.gazetadopovo.com.br/coronavirus/perguntas-e-respostas/,"Perguntas e respostas sobre a Covid-19: sintomas, vacina ..."
https://www.postalsaude.com.br/beneficiario/noticias/perguntas-e-respostas-sobre-o-covid-19,Perguntas e Respostas sobre a Covid-19 | Postal Saúde ...
https://ifpa.edu.br/coronavirus/perguntas-frequentes-covid-19?showall=&start=3,Perguntas frequentes - IFPA
https://www.amaissaude.com.br/sp/noticias/perguntas-frequentes-pesquisa-de-mapeamento-da-covid-19-em-sp,Perguntas Frequentes: Pesquisa de Mapeamento da COVID ...
"https://www.correiobraziliense.com.br/app/noticia/brasil/2020/03/17/interna-brasil,834718/veja-as-respostas-para-as-perguntas-mais-frequentes-sobre-coronavirus.shtml",Veja as respostas para as perguntas mais frequentes sobre ...
https://www.hportugues.com.br/2020/04/perguntas-frequentes-sobre-a-covid-19/,Perguntas frequentes sobre a Covid-19 - Hospital Português ...
https://www.crfrs.org.br/noticias/veja-guia-de-perguntas-e-respostas-sobre-a-covid-19,Veja guia de perguntas e respostas sobre a Covid-19 - CRF/RS
https://www.dw.com/pt-br/respostas-para-as-perguntas-mais-frequentes-sobre-o-coronav%C3%ADrus/a-52890923,Respostas para as perguntas mais frequentes sobre o ... - DW
https://www.prematuridade.com/index.php/noticia-mod-interna/perguntas-frequentes-sobre-a-covid-19-e-a-saude-materna-e-neonatal-9132,Perguntas Frequentes sobre a COVID-19 e a saúde materna ...
https://retinabrasil.org.br/covid-19-perguntas-frequentes/,Covid-19: perguntas frequentes — Retina Brasil
http://www.fna.org.br/2020/03/17/covid-19-12-perguntas-e-respostas-para-conter-o-coronavirus/,COVID-19: 12 perguntas e respostas para conter o ...
https://www.mainehealth.org/-/media/MaineHealth/PDFs/Healthy-Communities/COVID/COVID19-Port.pdf,Portuguese PERGUNTAS FREQUENTES SOBRE O NOVO ...
https://www2.ufjf.br/noticias/2020/03/21/confira-as-questoes-mais-frequentes-sobre-o-coronavirus/,Confira as questões mais frequentes sobre o coronavírus - UFJF
https://covid19.ins.gov.mz/f-a-q/,Perguntas Frequentes - COVID 19 - Fica Atento
https://educacao.sme.prefeitura.sp.gov.br/coronavirus/perguntas-e-respostas-covid-19/,Perguntas e Respostas Covid-19 - SME Portal Institucional
http://www.mercermarshbeneficios.com.br/content/dam/marsh/Documents/PDF/MMB/Portugues/FAQ_COVID-19.pdf,Perguntas e respostas sobre coronavírus covid-19 - Mercer ...
https://bronstein.com.br/perguntas-frequentes,Perguntas Frequentes | Bronstein
https://saam.paginas.ufsc.br/files/2020/08/FAQ-Amamenta%C3%A7%C3%A3o-e-Covid-19.pdf,PErguntas frEquEntEs AmAmentAção e Covid-19 - Serviço de ...
https://laboratorioexame.com.br/perguntas-frequentes,Perguntas Frequentes | Laboratório Exame
https://www.nissan.com.br/covid-19.html,Perguntas Frequentes - COVID19 - Nissan
https://www.marinha.mil.br/saudenaval/novo-coronavirus3,Perguntas e respostas sobre o Covid-19 | Saúde Naval
https://www.plasac.com.br/wps/?covid=perguntas-frequentes-covid-19,Perguntas Frequentes Covid-19 – Plasac
http://coepbrasil.org.br/perguntas-frequentes-sobre-coronavirus-covid-19-e-ar-condicionado/,Perguntas frequentes sobre Coronavírus (Covid-19) e ar ...
https://lavoisier.com.br/perguntas-frequentes,Perguntas Frequentes | Lavoisier
https://delboniauriemo.com.br/perguntas-frequentes,Perguntas Frequentes | Delboni Auriemo
http://rj.corens.portalcofen.gov.br/covid-19-guia-de-perguntas-e-respostas-frequentes_18302.html,Covid-19: Guia de Perguntas e Respostas Frequentes ...
https://www.fleury.com.br/medico/artigos-cientificos/perguntas-e-respostas-sobre-covid-19-durante-o-periodo-gestacional,Perguntas e respostas sobre Covid-19 durante o período ...
https://nanomon.org/helpdesk/perguntas-frequentes,Perguntas frequentes | Na No Mon
https://www.booking.com/covid-19.pt-br.html,Perguntas Frequentes sobre o Coronavírus (COVID-19 ...
https://direitosp.fgv.br/noticia/perguntas-frequentes-covid-19-0,Perguntas Frequentes COVID-19 | FGV DIREITO SP
https://saomarcoslaboratorio.com.br/br/p/433/CORONAV%C3%8DRUS%20%7C%20COVID-19%20%E2%80%93%20PERGUNTAS%20FREQUENTES%20(FAQ).aspx,CORONAVÍRUS | COVID-19 – PERGUNTAS FREQUENTES ...
https://www.fnde.gov.br/index.php/programas/pnae/pnae-perguntas-frequentes,Alimentação Escolar - Portal do FNDE
https://www.coren-df.gov.br/site/coren-df-lanca-manual-de-perguntas-e-respostas-sobre-a-covid-19/,Coren-DF lança manual de perguntas e respostas sobre a ...
http://www.unimedfama.com.br/paginas/perguntas-e-respostas-tire-suas-duvidas-sobre-o-novo-coronavirus,Perguntas e respostas: tire suas dúvidas sobre o novo ...
https://www.ua.pt/pt/covid-19-faq,Perguntas frequentes sobre a COVID-19 - Universidade de ...
https://observador.pt/opiniao/perguntas-frequentes-sobre-a-covid-19-e-respostas-que-promovem-o-bom-senso/,Perguntas frequentes sobre a Covid-19 e respostas que ...
https://covid-19.campinas.sp.gov.br/perguntas-e-respostas,Perguntas e Respostas | Corona Vírus - Prefeitura de Campinas
http://www.cm-tvedras.pt/covid-19/informacoes-saude/perguntas-frequentes/,COVID-19: Perguntas frequentes ‹ Câmara Municipal de ...
https://www.portalbrasilempresarial.com.br/covid-19-perguntas-e-respostas-da-organizacao-mundial-de-saude/,COVID-19: Perguntas e respostas da Organização Mundial de ...
https://www.covid19rj.org/perguntas-frequentes,Perguntas frequentes - Observatório Fluminense
https://www.emirates.com/br/portuguese/help/faq-topics/covid-19-information/,Informações sobre a COVID-19 | Perguntas Frequentes ...
https://www.amazon.com.br/gp/help/customer/display.html?nodeId=GDFU3JS5AL6SYHRD,Amazon.com.br Ajuda: COVID-19 FAQ
https://covid19estamoson.gov.pt/perguntas-frequentes/,Perguntas Frequentes - EstamosON
"https://www.sebrae.com.br/sites/PortalSebrae/ufs/ac/artigos/perguntas-frequentes-de-como-as-empresa-podem-reagir-ao-coronavirus,4229c282d38f0710VgnVCM1000004c00210aRCRD",Coronavírus: Perguntas frequentes - Sebrae
https://crppr.org.br/perguntas-frequentes-sobre-covid/,Perguntas frequentes sobre COVID-19: confira as principais ...
http://www.institutosantosdumont.org.br/serie-isd-contra-a-covid-19-perguntas-e-respostas/,Série ISD contra a Covid-19: Perguntas e respostas | ISD
https://oncologiaabc.com.br/respondendo-perguntas-frequentes-relacionadas-com-o-covid-19-e-pacientes-oncologicos/,Respondendo perguntas frequentes relacionadas com o ...
http://www.seg-social.pt/covid-19-perguntas-e-respostas,COVID-19 - Perguntas Frequentes - seg-social.pt
https://pesquisa.bvsalud.org/portal/resource/pt/phr2-52669,Perguntas frequentes sobre as vacinas candidatas contra a ...
https://www.claro.com.br/busca,Busca e Perguntas Frequentes | FAQ Claro
https://www.drogarialiviero.com.br/blog/covid-19-duvidas-frequentes/,COVID-19: dúvidas frequentes sobre o novo coronavírus ...
http://uftm.edu.br/proace/comunicadosproace/2420-perguntas-e-respostas-faq-proace-covid-19,Perguntas e respostas (FAQ) - PROACE (COVID-19) - UFTM
http://emporioberaldin.com.br/eventos/comunicados/perguntas-frequentes-covid-19-faq,Perguntas Frequentes Covid-19 - FAQ - Empório Beraldin
https://br.usembassy.gov/pt/vistos/perguntas-frequentes-sobre-processamento-de-vistos-durante-a-pandemia-do-covid-19/,Perguntas Frequentes sobre Processamento de Vistos ...
https://www.tce.mg.gov.br/covid/perguntas.asp,COVID-19 - TCEMG
https://fcmsantacasasp.edu.br/coronavirus-e-covid-19-video-com-perguntas-e-respostas/,Coronavírus e COVID-19: veja vídeo com perguntas e respostas
https://transparencia.cachoeiro.es.gov.br/covid19/pagina/1103/perguntas-frequentes,Perguntas Frequentes COVID-19 - TRANSPARÊNCIA COVID ...
http://receita.economia.gov.br/covid-19/perguntas-x-respostas-medidas-covid19-com-indice-15-04-2020.pdf,perguntas e respostas sobre as medidas tributárias adotadas ...
https://www.dgert.gov.pt/covid-19-perguntas-e-respostas-para-trabalhadores-e-empregadores-faq,COVID-19 : Perguntas e Respostas para Trabalhadores e ...
https://portal.ifba.edu.br/coronavirus/perguntas-frequentes,Perguntas Frequentes — IFBA - Instituto Federal de Educação ...
https://www.mozabanco.co.mz/pt/institucional/informa%C3%A7%C3%A3o/perguntas-frequentes-covid-19/,Perguntas Frequentes (Covid-19) - Moza
https://testedehivgratis.com.br/hiv/,Perguntas Frequentes - Teste de HIV - Brasil - AHF
https://portal.ufgd.edu.br/secao/coronavirus/perguntas-frequentes,Perguntas Frequentes - Portal UFGD
http://www.cetsp.com.br/consultas/especial-covid-19/perguntas-e-respostas-sobre-mobilidade-covid-19.aspx,Companhia de Engenharia de Trafego - Especial ... - CET
https://guiadafarmacia.com.br/perguntas-e-respostas-sobre-a-vacina-russa-para-a-covid-19/,Perguntas e respostas sobre a vacina russa para a Covid-19
https://www.visitportugal.com/pt-pt/content/covid-19-perguntas-frequentes,COVID-19 | Perguntas frequentes | www.visitportugal.com
https://www.ibm.com/br-pt/watson/covid-response-faq,Automação de resposta à COVID-19 | Perguntas frequentes ...
https://www.acnur.org/portugues/dados-sobre-refugio/perguntas-e-respostas/,Perguntas e respostas - ACNUR ACNUR Brasil | Proteja ...
https://help.shopify.com/pt-BR/manual/shipping/fulfillment-services/shopify-fulfillment-network/faq,Perguntas frequentes sobre a Rede de processamento da ...
https://www.tjsc.jus.br/web/servidor/retorno-gradual-do-trabalho-presencial/perguntas-frequentes1?inheritRedirect=true,Perguntas Frequentes - Servidor - Poder Judiciário de Santa ...
https://imigrante.sef.pt/pt/covid-19/faqs/,Covid-19 – Perguntas Frequentes – Portal de Informação ao ...
https://www.coronavirus.sc.gov.br/tiraduvidas/,Tira dúvidas – Coronavírus - Coronavirus SC
https://www.unasus.gov.br/noticia/oms-perguntas-e-respostas-sobre-covid-19-gravidez-parto-e-amamentacao,"OMS - perguntas e respostas sobre COVID-19, gravidez, parto ..."
https://dgaj.justica.gov.pt/COVID-19-Tribunais-DGAJ/Perguntas-Frequentes-COVID-19-Recursos-Humanos-e-Teletrabalho,Perguntas Frequentes COVID-19 (Recursos humanos e ...
https://www.akamai.com/br/pt/support/covid-19-preparedness-faq.jsp,Perguntas frequentes sobre o preparo da Akamai para o ...
https://www.fmcsv.org.br/pt-BR/biblioteca/amamentacao-covid19-perguntas-frequentes/,Amamentação e Covid-19 - Perguntas frequentes | Fundação ...
https://testedocorona.com.br/perguntas-frequentes.html,Perguntas frequentes - Teste do Corona
https://www.mass.gov/info-details/varas-penal-e-civel-perguntas-frequentes-sobre-a-covid-19,Varas Penal e Cível – Perguntas frequentes sobre a COVID ...
https://www.cnj.jus.br/sistema-carcerario/covid-19/perguntas-frequentes/,Perguntas Frequentes - Portal CNJ
https://www.hrw.org/pt/news/2020/04/27/340770,COVID-19: uma lista de perguntas para orientar as respostas ...
https://www.rotary.org/pt/rotary-and-coronavirus-impact-frequently-asked-questions,Rotary e o impacto do coronavírus: perguntas frequentes ...
https://www.oncocentrocuritiba.com.br/blog/perguntas-frequentes-cancer-e-coronavirus-covid-19,Perguntas frequentes: Câncer e coronavírus (Covid-19 ...
https://ricmais.com.br/noticias/coronavirus-perguntas-respostas/,Novo Coronavírus: série de perguntas frequentes da COVID ...
https://www.scp.org.br/perguntas-e-respostas-com-orientacoes-a-respeito-da-infeccao-em-criancas-pelo-coronavirus-2019-conhecido-como-covid-19/,Perguntas e Respostas com Orientações a Respeito da ...
https://www.bn.gov.br/servicos/direitos-autorais/perguntas-frequentes,Perguntas frequentes | Biblioteca Nacional
https://pt-br.facebook.com/business/boost/resource/fitness?lead_source=business-resource-hub,Como responder ao coronavírus (COVID-19): Para academias ...
https://news.un.org/pt/story/2020/01/1702002,OMS: perguntas e respostas sobre o coronavírus | ONU News
https://www.youtube.com/watch?v=XN0IogawGPQ,PERGUNTAS E RESPOSTAS SOBRE O TRATAMENTO DA ...
https://careresource.org/pt/project/coronavirus-covid-19-faqs/,Perguntas frequentes sobre Coronavírus (COVID-19) - Care ...
https://smartfitnews.smartfit.com.br/saude/perguntas-coronavirus/,Coronavírus: 10 perguntas frequentes - Smart Fit NewsSmart ...
http://portal1.iff.edu.br/reitoria/covid-19/galeria-de-videos-do-corona-virus/quer-tirar-duvidas-sobre-o-coronavirus-o-ministerio-da-saude-responde,Quer tirar dúvidas sobre o coronavírus? O Ministério da ... - IFF
https://fehoesp360.org.br/noticia/6555/esocial-perguntas-frequentes-no-periodo-de-calamidade-publica-covid-19,eSocial: Perguntas frequentes no período de calamidade ...
https://www.ilheus.ba.gov.br/abrir_arquivo.aspx/Covid19__FAQ__Perguntas_Frequentes_ate_0804?cdLocal=2&arquivo=%7B85BDBE8E-0AE5-E14E-C1AC-CEAC7BB8BA0C%7D.pdf,faq - perguntas frequentes covid-19 ilhéus - Prefeitura de Ilhéus
https://www.correios.com.br/coronavirus/faq,Perguntas Frequentes — Correios: encomendas ...
http://www.mpf.mp.br/o-mpf/procurador-a-geral-da-republica/gabinete-integrado-covid-19-old/faq/perguntas-frequentes,Perguntas Frequentes — Gabinete Integrado Covid-19 - MPF
https://www.apsf.org/pt-br/perguntas-frequentes-sobre-uso-protecao-e-descontaminacao-de-maquinas-de-anestesia-durante-a-pandemia-de-covid-19/,"Perguntas frequentes sobre uso, proteção e descontaminação ..."
https://www.mpba.mp.br/coronavirus-covid-19/perguntas-e-respostas,Perguntas e Respostas | Ministério Público do Estado da Bahia
https://www.omd.pt/covid-19/perguntas/,Perguntas frequentes COVID-19 - Ordem dos Médicos Dentistas
https://support.google.com/youtube/answer/6273849?hl=pt-BR,Perguntas frequentes sobre o YouTube ao vivo - Ajuda do ...
https://www.ufpb.br/ufpb/contents/noticias/ufpb-lanca-robo-virtual-para-tirar-duvidas-sobre-a-covid-19,UFPB lança robô virtual para tirar dúvidas sobre a Covid-19 ...
https://accamargo.org.br/sites/default/files/2020/09/covid-19/perguntas_frequentes_-_28_de_maio_de_2020.pdf,Covid-19: perguntas frequentes Cuidados com os ...
http://www.fvs.am.gov.br/,Portal FVS/AM
https://www.caixa.gov.br/caixacomvoce/perguntas-frequentes/Paginas/default.aspx,Perguntas frequentes - Caixa com você
https://clinicazignani.com.br/coronavirus-perguntas-e-respostas/,Coronavírus: perguntas e respostas sobre a COVID-19 ...
http://www.patrimoniocultural.gov.pt/pt/covid-19-dgpc-perguntas-frequentes/,COVID 19 Perguntas frequentes - DGPC
https://apps.who.int/iris/bitstream/handle/10665/332719/WHO-2019-nCoV-FAQ-Breast_feeding-2020.1-por.pdf?sequence=5&isAllowed=y,Amamentação e a COVID-19 Para profissionais de saúde
https://www.spglobal.com/ratings/pt/pdf-articles/2020-09-18-perguntas-frequentes-de-credito-principais-consideracoes-para-nosso-rating-soberano-do-brasil-em-meio-a-covid-19,Perguntas Frequentes de Crédito: Principais considerações ...
https://www.sponcologia.pt/pt/covid-19/perguntas-frequentes/,PERGUNTAS FREQUENTES - COVID-19 - SPO
https://brazil.embassy.gov.au/brasportuguese/vistofaqs.html,Perguntas Frequentes (FAQs) - Australian Embassy in Brazil
https://www.ufrgs.br/telessauders/coronavirus/,Coronavirus - TelessaúdeRS-UFRGS
https://cursosextensao.usp.br/mod/resource/view.php?id=100622,perguntas frequentes sobre o coronavírus
https://www.novo.justica.gov.br/acesso-a-informacao/perguntas-frequentes,Perguntas Frequentes — Ministério da Justiça e Segurança ...
http://www.araraquara.sp.gov.br/noticias/2020/marco/19-1/especial-tire-suas-duvidas-sobre-o-covid-19-coronavirus,Especial - Tire suas dúvidas sobre o COVID-19 (Coronavírus ...
https://www.ufrb.edu.br/prograd/noticias/437-prograd-divulga-perguntas-frequentes-apos-a-suspensao-do-calendario-academico-2020,PROGRAD divulga perguntas frequentes após a suspensão ...
https://www.indaquamatosinhos.pt/pt/covid-19-perguntas-frequentes/,COVID-19 Perguntas Frequentes - MATOSINHOS - INDAQUA
https://www.wyndhamhotels.com/pt-br/about-us/faq-covid-19,Perguntas frequentes ao ... - Wyndham Hotels and Resorts
https://portal.ufrrj.br/com-duvidas-prograd-divulga-respostas-para-perguntas-frequentes/,Com dúvidas? Prograd divulga respostas para ... - UFRRJ
http://www.pf.gov.br/servicos-pf/imigracao/duvidas-frequentes,Dúvidas Frequentes sobre Estrangeiros — Polícia Federal
https://www.anchieta.es.gov.br/pagina/ler/2063/o-que-e-a-covid-19-duvidas-e-orientacoes,O que é a Covid-19? Dúvidas e orientações - PREFEITURA ...
https://www.richet.com.br/clientes/novidades/top-7-duvidas-sobre-o-coronavirus-covid-19/,Top 7 dúvidas sobre o Coronavírus (Covid-19) - Richet
https://www.pucrs.br/coronavirus/faq/,Perguntas Frequentes - Coronavírus - PUCRS
https://www.clinipam.com.br/noticia/perguntas-respostas-coronavirus,Perguntas e Respostas sobre o Coronavírus | Clinipam Saúde
http://www.utfpr.edu.br/alunos/bolsas/auxilio-estudantil/edital-emergencial/perguntas-frequentes/perguntas-frequentes_nova-versao.pdf,perguntas frequentes - UTFPR
https://www.portoseguro.com.br/fale-conosco/perguntas-frequentes,Perguntas Frequentes - Fale Conosco | Porto Seguro
http://covid-19.cremesp.org.br/?page_id=267,Perguntas Frequentes (FQS) – Coronavírus - Cremesp
https://www.paypal.com/br/smarthelp/article/resposta-do-paypal-para-as-perguntas-frequentes-sobre-a-pandemia-do-v%C3%ADrus-corona-(covid-19)-%26-faq4003,Resposta do PayPal para as perguntas frequentes sobre a ...
https://portugues.medscape.com/verartigo/6504558,Covid-19: As principais dúvidas sobre a doença - Medscape
http://www.nfe.fazenda.gov.br/PORTal/perguntasFrequentes.aspx?tipoConteudo=47FIo72z99s=,Perguntas Frequentes - Portal da Nota Fiscal Eletrônica
https://www.extraconceptions.com/pt/covid-19-faqs/,Perguntas frequentes relacionadas ao COVID-19 ...
https://ads.google.com/intl/pt-BR_br/home/faq/,Perguntas frequentes e recursos de publicidade – Google Ads
https://chile.travel/pt-br/conheca-as-respostas-das-perguntas-frequentes-sobre-covid-19-no-chile,CONHEÇA AS RESPOSTAS DAS PERGUNTAS ... - Chile Travel
http://mds.gov.br/acesso-a-informacao/perguntas-frequentes,Perguntas Frequentes — MINISTÉRIO DA CIDADANIA ...
https://www.unimedcampinas.com.br/Novidades/Interna/MTEwMQ%3D%3D/faqcoronavirus,Coronavírus e COVID-19: perguntas e respostas - Unimed ...
http://www.ifto.edu.br/ifto/comite-de-risco-coronavirus/perguntas-e-respostas,Perguntas e respostas — Instituto Federal do Tocantins
http://www.crf-al.org.br/2020/04/anvisa-divulga-perguntas-e-respostas-sobre-questoes-recorrentes-da-covid-19/,Anvisa divulga perguntas e respostas sobre questões ...
https://www.apipapiaui.org/post/coronav%C3%ADrus-e-pets-perguntas-e-respostas-sobre-cuidados,Coronavírus e pets: perguntas e respostas sobre cuidados
http://www.sugep.ufrpe.br/sites/ww2.sugep.ufrpe.br/files//Perguntas%20Frequentes.pdf,covid 19 - Sugep
http://www.cosama.am.gov.br/,COSAMA « Companhia de Saneamento do Amazonas
https://www.informasus.ufscar.br/comite-divulga-documento-com-respostas-as-duvidas-frequentes-sobre-covid-19-para-a-populacao/,Comitê divulga documento com respostas às dúvidas ...
https://ams.petrobras.com.br/portal/ams/beneficiario/coronavirus-perguntas-e-respostas-para-beneficiarios.htm,CORONAVÍRUS: PERGUNTAS E RESPOSTAS PARA ... - AMS
"https://www.em.com.br/app/noticia/bem-viver/2020/03/11/interna_bem_viver,1127627/conheca-cinco-perguntas-comuns-sobre-o-coronavirus.shtml",Conheça cinco perguntas comuns sobre o coronavírus ...
https://www.tre-sc.jus.br/eleitor/mesarios/perguntas-frequentes,Perguntas frequentes — Tribunal Regional Eleitoral de Santa ...
https://www.redebrasilatual.com.br/saude-e-ciencia/2020/03/coronavirus-perguntas-respos/,Coronavírus: 15 perguntas e respostas sobre a pandemia ...
http://www.ucp.br/index.php?option=com_content&view=article&id=992:covid-19-perguntas-frequentes&catid=51&lang=en&Itemid=1278,COVID-19: Perguntas Frequentes
https://www.iec.gov.br/sintomas-e-cuidados-18-perguntas-e-respostas-sobre-o-coronavirus/,Sintomas e cuidados: 18 perguntas e respostas sobre o ...
https://www.bbc.com/portuguese/brasil-51673933,Coronavírus: 27 perguntas e respostas para entender tudo ...
https://www.cuf.pt/noticias/covid-19-perguntas-frequentes,COVID-19: Perguntas Frequentes | CUF
https://www.institutopriorit.com.br/covid-19-perguntas-e-respostas-sobre-o-virus-e-bebes-criancas-e-gestantes/,COVID-19: perguntas e respostas sobre o vírus e bebês ...
https://www.tjdft.jus.br/informacoes/programas-projetos-e-acoes/pro-vida/dicas-de-saude/pilulas-de-saude/perguntas-e-respostas-sobre-o-coronavirus,Perguntas e Respostas sobre o Coronavírus — Tribunal de ...
https://www.hcpa.edu.br/1617-acompanhe-as-respostas-das-perguntas-frequentes-sobre-os-servicos-e-a-covid-19,Acompanhe as respostas das perguntas frequentes sobre os ...
https://noticias.uol.com.br/saude/ultimas-noticias/bbc/2020/02/28/coronavirus-25-perguntas-e-respostas-para-entender-tudo-que-importa-sobre-a-doenca.htm,Coronavírus: 25 perguntas e respostas para entender melhor ...
https://www.hsc.com.br/noticias/perguntas-sobre-o-coronavirus/,Nove perguntas sobre o novo coronavírus respondidas
https://amazonasatual.com.br/profissionais-de-saude-tiram-duvidas-pela-internet-sobre-covid-19/,Profissionais de saúde tiram dúvidas pela Internet sobre ...
https://www.vwfs.com.br/atendimento/acesso-do-cliente.html,Acesso do Cliente - Volkswagen Financial Services
http://www.portaldoempreendedor.gov.br/duvidas-frequentes,Dúvidas Frequentes — Portal do Empreendedor
https://www.ifmg.edu.br/ribeiraodasneves/noticias/tire-suas-duvidas-sobre-o-covid-19,Tire suas dúvidas sobre o COVID-19 — Instituto Federal de ...
http://www2.ifam.edu.br/estudenoifam/perguntas-frequentes-1,Perguntas Frequentes — Portal do Instituto Federal do ...
https://www.pagina3.com.br/opiniao/2020/mar/27/1/perguntas-e-respostas-sobre-o-covid-19-com-o-advogado-guilherme-juk-cattani,Perguntas e respostas sobre o COVID-19 com o advogado ...
https://www.conasems.org.br/cosems/covid-19-reflexoes-e-respaldo-legal-na-administracao-publica-perguntas-e-respostas/,COVID-19 – Reflexões e respaldo legal na administração ...
https://clinicasim.com/blog/tratamentos/9-perguntas-importantes-sobre-covid-19/,9 perguntas importantes sobre COVID-19 - Clínica SiM | A ...
https://gauchazh.clicrbs.com.br/comportamento/noticia/2020/11/e-possivel-pegar-covid-19-na-piscina-especialistas-respondem-a-duvidas-de-leitores-ckhb0ipbp002w016g7l0ce8nt.html,É possível pegar covid-19 na piscina? Especialistas ... - GZH
https://www.anatel.gov.br/consumidor/,Agência Nacional de Telecomunicações - Anatel
https://www1.tce.pr.gov.br/,Tribunal de Contas do Estado do Paraná | TCE-PR
http://siscomex.gov.br/informacoes/perguntas-frequentes/,Perguntas Frequentes - Siscomex
https://cpaq.ufms.br/infectologista-tira-duvidas-sobre-questoes-relacionadas-ao-coronavirus/,Infectologista tira dúvidas sobre questões relacionadas ao ...
https://www.ssp.rs.gov.br/viaturas-historicas-da-bm-entram-em-exposicao-em-porto-alegre,Viaturas históricas da BM entram em exposição em Porto ...
https://www.aconteceempetropolis.com.br/2020/11/13/esclarecendo-duvidas-perguntas-frequentes-sobre-as-eleicoes/,[Esclarecendo dúvidas] Perguntas frequentes sobre as eleições
http://amaraji.pe.gov.br/videos/barreiras-sanitarias-covid-19/,barreiras sanitárias - Prefeitura Municipal de Amaraji – Um ...
https://www.fab.mil.br/perguntasfrequentes,Perguntas Frequentes - Força Aérea Brasileira — Asas que ...
https://www.tre-pr.jus.br/imprensa/noticias-tre-pr/2020/Novembro/nota-de-esclarecimento-cobertura-das-eleicoes-2020,Nota de esclarecimento: cobertura das Eleições 2020 - TRE-PR
https://www.tre-pr.jus.br/imprensa/noticias-tre-pr/2020/Novembro/balanco-eleicoes-2020-no-parana,Balanço Eleições 2020 no Paraná — Tribunal Regional ...
https://www.saojosedonorte.rs.gov.br/noticias/boletim-epidemiologico-municipal-sao-jose-do-norte-coronavirus-covid-19-segunda-feira-16-11-2020,Boletim Epidemiológico Municipal – São José do Norte ...
http://www.sap.sp.gov.br/noticias/conexao-familiar-presencial-eleicoes.html,Eleições alteram calendário de visitas nas unidades ... - SAP
https://www.vrbo.com/pt-br/hub-de-descobertas/dicas-e-recursos/melhore-sua-performance/covid-19-perguntas-mais-frequentes?userType=ipm,COVID-19: perguntas mais frequentes - Vrbo
https://www.saomanuel.sp.gov.br/portal/noticias/0/3/3919/boletim-epidemiologico-covid-19,BOLETIM EPIDEMIOLÓGICO COVID-19
http://incra.gov.br/pt/inscricoes-abertas-para-candidatos-a-lotes-de-reforma-agraria-em-sao-paulo.html,Inscrições abertas para candidatos a lotes de reforma agrária ...
https://www.saude.se.gov.br/ses-registra-87-novos-casos-de-covid-19-e-mais-tres-mortes-que-estavam-em-investigacao/,SES registra 87 novos casos de Covid-19 e mais três mortes ...
http://www.almg.gov.br/acompanhe/noticias/arquivos/2020/11/16_pautas_prioritarias_ALMG.html,ALMG define pautas prioritárias para novembro - Assembleia ...
https://www.boaesperanca.es.gov.br/noticia/ler/925/boletim-oficial-sobre-coronavirus-dia-16-11,Boletim Oficial sobre Coronavírus - Dia 16/11 - PREFEITURA ...
https://www.bomjesus.rj.gov.br/site/noticia-3087,SECRETARIA MUNICIPAL DE SAÚDE - BOLETIM ...
https://www.joaoneiva.es.gov.br/noticia/ler/2943/boletim-coronavirus-1-11-2020,BOLETIM CORONAVÍRUS 1/11/2020 - PREFEITURA ...
http://www.cvm.gov.br/noticias/arquivos/2020/20201111-1.html,Área técnica da CVM esclarece dúvidas sobre atuação de ...
http://irati.pr.gov.br/noticiasView/?id=3188,4ª Feira de Empreendedorismo e Inovação - Prefeitura ...
http://helponline.jobnetjapan.jp/2020/04/27/resposta-para-as-17-perguntas-mais-frequentes-sobre-o-covid-19/,Resposta para as 17 perguntas mais frequentes sobre o ...
https://www.jornaljoca.com.br/perguntas-e-respostas-sobre-a-proclamacao-da-republica/,Perguntas e respostas sobre a Proclamação da República ...
http://www2.ebserh.gov.br/web/hc-ufpe/inicio?p_auth=Lm4g24Ou&p_p_id=ebserhbuscaavancada_WAR_ebserhbuscaavancadaportlet_INSTANCE_E3j7&p_p_lifecycle=1&p_p_state=normal&p_p_mode=view&_ebserhbuscaavancada_WAR_ebserhbuscaavancadaportlet_INSTANCE_E3j7_javax.portlet.action=pesquisarAssets,Hospital das Clínicas - Universidade Federal de Pernambuco ...
https://www.tjpr.jus.br/destaques/-/asset_publisher/1lKI/content/id/43658894,"COVID-19: Em 8 meses de trabalho remoto, a Justiça ... - TJPR"
http://paracatu.mg.gov.br/noticia/1639/BOLETIM-OFICIAL-CXCVI-SECRETARIA-MUNICIPAL-DE-SAUDE-INFORMA-SITUACAO-DO-CORONAVIRUS---COVID-19-16/11,BOLETIM OFICIAL CXCVI SECRETARIA MUNICIPAL DE ...
http://www.cml.eb.mil.br/ultimas-noticias/2415-visita-do-arcebispo.html,Visita do Arcebispo - Comando Militar do Leste
https://www.ifms.edu.br/noticias/2020/ifms-inicia-processo-de-autoavaliacao-2020,IFMS inicia processo de Autoavaliação em 2020 — IFMS ...
https://www.anac.gov.br/assuntos/legislacao/legislacao-1/resolucoes/2020/resolucao-no-595-11-11-2020,"RESOLUÇÃO Nº 595, 11/11/2020 — Agência Nacional de ..."
https://www.cnmp.mp.br/portal/todas-as-noticias/13703-cnmp-abre-inscricoes-para-capacitacao-na-analise-de-crimes-ambientais-complexos-e-transnacionais,CNMP abre inscrições para capacitação na análise de crimes ...
https://www.cdc.gov/coronavirus/2019-ncov/faq.html,Coronavirus (COVID-19) frequently asked questions | CDC
https://www.araci.ba.gov.br/Site/Noticias/noticia-161120201907411535-Boletim-Covid-19-12-11-2020,SAI - Notícias - Prefeitura Municipal de Araci
https://www.tse.jus.br/imprensa/noticias-tse/2020/Novembro/eleicoes-2020-carlos-favaro-e-eleito-senador-pelo-mato-grosso,Eleições 2020: Carlos Fávaro é eleito senador pelo Mato ...
https://www.ijui.rs.gov.br/prefeitura/detalhe-departamento/34/administracao/,Élio João Quatrin - Município de Ijuí
https://portopedico.com/covid-19-perguntas-e-respostas/,COVID-19 Perguntas e Respostas - Ortopedia Portopédico
https://iftm.edu.br/noticias/index.php?id=10787,“Dia da Consciência Negra” é feriado em Uberaba - IFTM
https://intranet.npl.org/Announcements/COVID19/COVID19%20-%20FAQ%20Portuguese.pdf,Novo Coronavírus 2019 (COVID-19) - NPL Intranet
https://books.google.com.br/books?id=03jeDwAAQBAJ&pg=PT180&lpg=PT180&dq=perguntas+frequentes+covid+19&source=bl&ots=m1yFqMCPQs&sig=ACfU3U2r7OYx-dwwanXqBemsQcmnqhkMXQ&hl=pt-BR&sa=X&ved=2ahUKEwj8htzv4YjtAhXKF7kGHQI8Czs4-gEQ6AEwAHoECAMQAg,Coronavírus e os Impactos Trabalhistas: Direitos e ...
https://books.google.com.br/books?id=AyIAEAAAQBAJ&pg=PT14&lpg=PT14&dq=perguntas+frequentes+covid+19&source=bl&ots=Ydahd4hVer&sig=ACfU3U3zNy0xljtrZ5P2mzIbORIJEtUDww&hl=pt-BR&sa=X&ved=2ahUKEwj8htzv4YjtAhXKF7kGHQI8Czs4-gEQ6AEwAXoECAIQAg,No Mundo da Lua: 100 Perguntas e respostas sobre o ...
https://books.google.com.br/books?id=oNkGEAAAQBAJ&pg=PT61&lpg=PT61&dq=perguntas+frequentes+covid+19&source=bl&ots=Y4poaqkQIO&sig=ACfU3U1G8Mt3KIyMso37_XTUneGjK3jLbQ&hl=pt-BR&sa=X&ved=2ahUKEwj8htzv4YjtAhXKF7kGHQI8Czs4-gEQ6AEwAnoECAgQAg,Gestão de riscos sobre objetivos estratégicos & desempenho: ...
https://books.google.com.br/books?id=rAACEAAAQBAJ&pg=PT37&lpg=PT37&dq=perguntas+frequentes+covid+19&source=bl&ots=WtoH0v5JVO&sig=ACfU3U0JPXWiYCDVY77BpBb7UsYWwdoPsg&hl=pt-BR&sa=X&ved=2ahUKEwj8htzv4YjtAhXKF7kGHQI8Czs4-gEQ6AEwA3oECAEQAg,A defesa do espaço cívico
https://ijnet.org/pt-br/story/como-fazer-perguntas-dif%C3%ADceis-sobre-covid-19,Como fazer perguntas difíceis sobre COVID-19 | Rede de ...
https://noticias.r7.com/minas-gerais/mg-record/videos/infectologista-responde-perguntas-sobre-a-covid-19-27032020,Infectologista responde perguntas sobre a covid-19 - Minas ...
http://www.oieie.tku.edu.tw/zh_tw/news/OverseasTraining/COVID-19-Lo-que-necesitas-saber%0D%0A%C2%A0-87228902,COVID 19 Lo que necesitas saber | 淡江大學 國際暨兩岸事務處
https://cultura.id/corona-faq-covid19,FAQ Corona: Tanya Jawab Seputar COVID-19 - Cultura
https://books.google.com.br/books?id=2D3lDwAAQBAJ&pg=PT44&lpg=PT44&dq=perguntas+frequentes+covid+19&source=bl&ots=qu8uUUkAWJ&sig=ACfU3U22R28jEaTibPK3v2QXth3HOfanOQ&hl=pt-BR&sa=X&ved=2ahUKEwj8htzv4YjtAhXKF7kGHQI8Czs4-gEQ6AEwCHoECAkQAg,Le Coronavirus le tueur invisible
